6.96336555480957,1
6.902148723602295,1
6.913677215576172,1
6.992334842681885,1
6.944672107696533,1
6.979160785675049,1
7.052639007568359,1
6.906197547912598,1
6.880697250366211,1
6.915396690368652,1
6.878664016723633,1
6.932306289672852,1
6.926410675048828,1
7.015886306762695,1
6.970646858215332,1
6.951560020446777,1
7.014072418212891,1
6.951494216918945,1
6.868536472320557,1
6.884029388427734,1
6.95510721206665,1
6.961971282958984,1
7.002065658569336,1
6.934647560119629,1
6.926802635192871,1
6.91481351852417,1
6.969729423522949,1
6.858933448791504,1
7.031288146972656,1
7.0099897384643555,1
6.912945747375488,1
7.094119071960449,1
6.866625785827637,1
7.062015056610107,1
7.048153400421143,1
6.917323112487793,1
7.072978973388672,1
7.077210426330566,1
6.76589298248291,1
6.916711807250977,1
6.893141746520996,1
7.053859710693359,1
6.76125955581665,1
7.086028099060059,1
7.101350784301758,1
7.0100274085998535,1
6.885319232940674,1
6.8553924560546875,1
6.862985610961914,1
6.983318328857422,1
6.758666038513184,1
7.1966094970703125,1
7.062116622924805,1
6.925097465515137,1
7.050349235534668,1
7.072884559631348,1
6.983553886413574,1
6.889497756958008,1
6.748512268066406,1
6.957143783569336,1
6.988797187805176,1
7.0723347663879395,1
7.10599422454834,1
6.940821647644043,1
6.848722457885742,1
6.994933128356934,1
6.839013576507568,1
6.952603816986084,1
7.085859298706055,1
7.098181247711182,1
6.999451160430908,1
7.051517486572266,1
6.959338188171387,1
6.927516937255859,1
6.898886203765869,1
6.94831657409668,1
6.938169479370117,1
6.968195915222168,1
6.849421977996826,1
7.171538352966309,1
6.998826026916504,1
6.941423416137695,1
6.915219306945801,1
7.053044319152832,1
6.836418151855469,1
6.933487892150879,1
6.8373212814331055,1
7.139386177062988,1
6.819507598876953,1
7.03594970703125,1
6.773863315582275,1
7.004527568817139,1
6.919751167297363,1
7.127150535583496,1
6.953073501586914,1
6.871817588806152,1
6.717487335205078,1
6.6840362548828125,1
6.931664943695068,1
6.972988128662109,1
6.956245422363281,1
7.0048627853393555,1
7.045526504516602,1
7.021753787994385,1
7.031458854675293,1
6.950669765472412,1
7.007197380065918,1
7.0030059814453125,1
6.856283187866211,1
6.918052673339844,1
6.981966495513916,1
6.910580158233643,1
6.910538673400879,1
6.848881244659424,1
6.993717193603516,1
7.041943073272705,1
6.925043106079102,1
6.929817199707031,1
7.006403923034668,1
7.001613140106201,1
6.699247360229492,1
6.858171463012695,1
6.864137649536133,1
6.887386322021484,1
6.922836780548096,1
6.906585693359375,1
7.017691612243652,1
6.967521667480469,1
6.997417449951172,1
6.865055561065674,1
6.885850429534912,1
6.9309282302856445,1
6.956488609313965,1
6.892907619476318,1
6.919297218322754,1
6.843521595001221,1
6.861405849456787,1
6.912527561187744,1
7.015068054199219,1
7.033394813537598,1
6.9572601318359375,1
6.897922039031982,1
6.980585098266602,1
6.846240997314453,1
6.893705368041992,1
6.909266471862793,1
6.9386091232299805,1
6.957283973693848,1
6.9246320724487305,1
6.8239898681640625,1
6.99616813659668,1
6.9011077880859375,1
6.932114601135254,1
6.918163299560547,1
7.044639587402344,1
6.858196258544922,1
6.941044807434082,1
6.907798767089844,1
6.991831302642822,1
6.8740129470825195,1
6.815733909606934,1
6.9063873291015625,1
6.8667168617248535,1
6.944733619689941,1
6.8950724601745605,1
6.812520980834961,1
6.898315906524658,1
6.903285980224609,1
6.896779537200928,1
6.818084716796875,1
6.912417888641357,1
6.84498405456543,1
6.792942523956299,1
6.772151947021484,1
6.871173858642578,1
6.992894172668457,1
6.9405670166015625,1
6.957625389099121,1
6.921808242797852,1
6.99601411819458,1
6.932495594024658,1
7.009319305419922,1
6.9560089111328125,1
6.736684799194336,1
6.7855401039123535,1
6.845908164978027,1
6.807713985443115,1
6.83890962600708,1
6.993927478790283,1
6.973801612854004,1
6.874817848205566,1
6.911115646362305,1
6.932238578796387,1
6.830808639526367,1
6.951380252838135,1
6.822563171386719,1
6.985267639160156,1
6.850807189941406,1
6.7507758140563965,1
6.9250569343566895,1
6.861665725708008,1
6.913922309875488,1
6.916162490844727,1
6.840043067932129,1
6.804618835449219,1
7.053765296936035,1
6.875330924987793,1
7.036351203918457,1
6.823683738708496,1
6.994324684143066,1
6.910857200622559,1
6.985898017883301,1
6.778287887573242,1
6.881147384643555,1
6.945384979248047,1
6.869913101196289,1
6.893568992614746,1
6.793459892272949,1
6.826866626739502,1
6.928187370300293,1
6.903654098510742,1
6.963636875152588,1
6.9651665687561035,1
6.815512657165527,1
6.793179512023926,1
6.747828006744385,1
6.980976104736328,1
6.920945644378662,1
6.729921817779541,1
6.919620037078857,1
6.741977691650391,1
6.968110084533691,1
6.993386268615723,1
7.007518291473389,1
7.158060073852539,1
6.819365501403809,1
6.758527755737305,1
6.707249641418457,1
6.859428405761719,1
6.895796775817871,1
7.001603603363037,1
6.774464130401611,1
6.9155731201171875,1
6.810623645782471,1
6.816234588623047,1
6.983686923980713,1
7.012625694274902,1
7.106993675231934,1
6.869810104370117,1
6.929040908813477,1
6.794000625610352,1
6.8218278884887695,1
6.974905014038086,1
6.972489356994629,1
6.924957275390625,1
6.999895095825195,1
6.804007530212402,1
6.955080032348633,1
6.96645450592041,1
6.795853614807129,1
6.726193904876709,1
6.976101398468018,1
7.177691459655762,1
7.003501892089844,1
6.849916458129883,1
7.038302421569824,1
6.954052448272705,1
6.848381519317627,1
6.878201484680176,1
6.814042091369629,1
7.069431304931641,1
6.9842705726623535,1
6.880147457122803,1
6.969823837280273,1
6.968775749206543,1
6.921841621398926,1
6.815363883972168,1
6.888099670410156,1
6.938899040222168,1
7.0436692237854,1
6.862665176391602,1
6.942651748657227,1
6.943963050842285,1
6.983011245727539,1
6.967609405517578,1
6.947060585021973,1
6.843893527984619,1
6.866782188415527,1
7.0427937507629395,1
6.722837448120117,1
6.892958641052246,1
6.907499313354492,1
6.923463821411133,1
6.879854202270508,1
6.932586669921875,1
6.879390716552734,1
6.9645562171936035,1
6.8779401779174805,1
6.892271518707275,1
6.877688407897949,1
6.916045188903809,1
6.974000930786133,1
6.85935640335083,1
6.841092109680176,1
7.049663543701172,1
7.006189346313477,1
7.007638931274414,1
6.902450084686279,1
7.004462242126465,1
6.836450099945068,1
6.8963704109191895,1
6.718474388122559,1
6.790604591369629,1
6.797053813934326,1
7.021191596984863,1
6.848517417907715,1
7.052661895751953,1
6.7956695556640625,1
6.820494651794434,1
6.968085765838623,1
6.876405715942383,1
6.8748016357421875,1
6.78629732131958,1
6.8712663650512695,1
6.848544120788574,1
6.8893914222717285,1
6.964291572570801,1
6.82673978805542,1
7.130597114562988,1
6.85301399230957,1
6.860350131988525,1
6.795372009277344,1
6.873865127563477,1
6.875319004058838,1
6.840360641479492,1
6.8392486572265625,1
6.715224266052246,1
6.846119403839111,1
6.774329662322998,1
6.955868721008301,1
6.766753673553467,1
7.001840591430664,1
7.035440444946289,1
7.129049301147461,1
6.942694187164307,1
6.82972526550293,1
6.836922645568848,1
6.886120319366455,1
7.005377292633057,1
6.922751426696777,1
6.801756858825684,1
7.1200127601623535,1
6.935378074645996,1
6.932469367980957,1
6.789121627807617,1
7.001528739929199,1
6.89267635345459,1
6.853697776794434,1
6.939451694488525,1
6.947534084320068,1
6.885944366455078,1
6.98797082901001,1
6.9530229568481445,1
6.978177547454834,1
6.851432800292969,1
6.938653945922852,1
6.784470558166504,1
6.9962005615234375,1
6.944334506988525,1
6.8128862380981445,1
6.714565753936768,1
6.992372035980225,1
6.892844200134277,1
6.835367679595947,1
6.818429470062256,1
6.732889175415039,1
6.918880939483643,1
7.0198974609375,1
6.9852495193481445,1
6.878077507019043,1
6.822876930236816,1
6.805259704589844,1
6.848305702209473,1
6.901492118835449,1
6.6904296875,1
6.797562122344971,1
7.017065525054932,1
6.727865695953369,1
6.86757230758667,1
7.07843017578125,1
6.955235481262207,1
6.780106544494629,1
6.840036392211914,1
6.935902118682861,1
6.783718585968018,1
6.98116397857666,1
6.908677101135254,1
6.865559101104736,1
6.791382789611816,1
6.8495988845825195,1
7.018430709838867,1
6.914418697357178,1
6.815110206604004,1
7.012425422668457,1
7.035457611083984,1
6.9284186363220215,1
6.903273105621338,1
6.880946636199951,1
6.976849555969238,1
7.033736705780029,1
6.9513702392578125,1
6.916809558868408,1
6.751657485961914,1
6.812962532043457,1
6.9487690925598145,1
6.806273937225342,1
6.953212738037109,1
6.846129417419434,1
6.823148727416992,1
6.980935096740723,1
6.862362861633301,1
6.735485553741455,1
6.90136194229126,1
6.769275188446045,1
6.819543838500977,1
6.818012237548828,1
6.786984443664551,1
6.857000350952148,1
6.680952072143555,1
6.880597114562988,1
6.7555766105651855,1
6.925045013427734,1
6.896332740783691,1
6.958356857299805,1
6.73119592666626,1
6.810563087463379,1
6.744482517242432,1
6.687051773071289,1
6.923375129699707,1
6.772174835205078,1
6.875444412231445,1
6.930123805999756,1
6.743494033813477,1
6.79163122177124,1
6.876568794250488,1
7.0662455558776855,1
6.859126567840576,1
6.646998405456543,1
6.913386344909668,1
6.656922340393066,1
6.911711692810059,1
6.6945085525512695,1
6.955645561218262,1
6.937897205352783,1
6.841841220855713,1
7.165305137634277,1
7.010226249694824,1
6.814008712768555,1
6.880390167236328,1
6.945557117462158,1
6.944744110107422,1
6.900520324707031,1
6.813985347747803,1
7.012901306152344,1
6.855030059814453,1
7.153343200683594,1
7.078553199768066,1
6.8006272315979,1
7.012186527252197,1
7.063504695892334,1
6.656386852264404,1
6.8357391357421875,1
6.819051742553711,1
6.828278541564941,1
7.019089698791504,1
6.783989429473877,1
6.865485191345215,1
6.78881311416626,1
7.171066761016846,1
6.98336124420166,1
7.169964790344238,1
6.8217668533325195,1
6.729175090789795,1
6.696018218994141,1
7.0063323974609375,1
7.0799174308776855,1
6.807190895080566,1
6.885101318359375,1
6.989445209503174,1
6.809831619262695,1
7.102162837982178,1
6.912494659423828,1
6.906262397766113,1
6.850042343139648,1
6.873971939086914,1
6.874587059020996,1
6.949298858642578,1
7.037842750549316,1
7.114705562591553,1
6.897086143493652,1
6.8194499015808105,1
6.7709245681762695,1
7.092555046081543,1
6.861162185668945,1
6.909733295440674,1
6.797395706176758,1
6.986579895019531,1
6.837522506713867,1
6.860881805419922,1
6.873614311218262,1
6.86508846282959,1
6.883362293243408,1
6.995124816894531,1
6.864182472229004,1
6.729021072387695,1
6.92099666595459,1
6.739075660705566,1
6.979404449462891,1
6.784946441650391,1
7.024104595184326,1
6.851335525512695,1
6.852626800537109,1
7.054934024810791,1
6.744454383850098,1
7.046858787536621,1
6.873191833496094,1
6.837274551391602,1
6.852843284606934,1
7.125408172607422,1
6.862192153930664,1
6.7953386306762695,1
7.124708652496338,1
6.893899440765381,1
6.926586151123047,1
6.927901744842529,1
6.908047199249268,1
6.979465484619141,1
6.818871974945068,1
6.797335147857666,1
6.932453632354736,1
7.011033535003662,1
6.835156440734863,1
6.853349208831787,1
6.798098087310791,1
6.906106948852539,1
6.750300407409668,1
6.85678768157959,1
6.862466812133789,1
6.9604668617248535,1
6.9248127937316895,1
6.839564323425293,1
6.933375835418701,1
7.03835391998291,1
7.030453681945801,1
6.852080821990967,1
6.831762313842773,1
6.695261001586914,1
6.831445693969727,1
6.805639266967773,1
6.882768630981445,1
6.916726589202881,1
6.99245023727417,1
6.885763168334961,1
6.8673529624938965,1
6.791028022766113,1
6.996109962463379,1
7.027019500732422,1
6.74111270904541,1
7.030671119689941,1
7.083615303039551,1
6.95382022857666,1
6.911218166351318,1
6.878833770751953,1
6.782309055328369,1
6.765799522399902,1
6.898558616638184,1
6.908202171325684,1
6.7747392654418945,1
6.868826866149902,1
6.872679233551025,1
6.907288551330566,1
6.724327087402344,1
6.838769912719727,1
6.87108039855957,1
6.925573348999023,1
6.92401647567749,1
6.844210147857666,1
6.8564043045043945,1
6.7440972328186035,1
6.88764762878418,1
6.973443031311035,1
6.959831714630127,1
6.8846306800842285,1
6.895771026611328,1
6.994313716888428,1
6.7344584465026855,1
6.804601669311523,1
6.737880229949951,1
6.864927291870117,1
6.957642555236816,1
6.851318836212158,1
6.928893566131592,1
6.882637023925781,1
6.849822521209717,1
6.811205863952637,1
6.8475189208984375,1
6.768461227416992,1
6.706610679626465,1
6.796853542327881,1
6.730493545532227,1
6.961648464202881,1
6.876612186431885,1
6.632351398468018,1
6.948267936706543,1
6.641664505004883,1
6.8891191482543945,1
7.2676897048950195,1
6.740172386169434,1
6.632417678833008,1
7.117404460906982,1
6.670584678649902,1
6.999366760253906,1
6.754600524902344,1
6.832279205322266,1
6.850257873535156,1
6.847926139831543,1
6.732680797576904,1
6.825384140014648,1
7.110882759094238,1
6.836273193359375,1
7.171454906463623,1
7.211342811584473,1
6.894924163818359,1
6.93246603012085,1
6.926599025726318,1
7.107016563415527,1
6.921130180358887,1
6.874381065368652,1
6.979683876037598,1
6.625433921813965,1
6.838336944580078,1
7.021202564239502,1
6.683130264282227,1
7.070145606994629,1
7.019765377044678,1
6.892336845397949,1
6.8003692626953125,1
6.86654806137085,1
6.834322929382324,1
6.739973068237305,1
6.894389629364014,1
7.072734832763672,1
6.914765357971191,1
7.043757915496826,1
7.001991271972656,1
6.822751045227051,1
6.871049880981445,1
6.778870582580566,1
7.0044403076171875,1
7.029687881469727,1
7.013092041015625,1
6.900864124298096,1
6.760164737701416,1
6.771426677703857,1
6.787461280822754,1
6.8095703125,1
6.966320514678955,1
6.959500789642334,1
7.042418479919434,1
6.976919651031494,1
6.819793224334717,1
6.821712493896484,1
7.014479160308838,1
6.827415466308594,1
6.857719421386719,1
6.9046630859375,1
7.0464935302734375,1
6.873363018035889,1
6.990968704223633,1
6.951355934143066,1
6.880787372589111,1
6.590611934661865,1
6.649953842163086,1
7.010119438171387,1
6.840692520141602,1
6.911325931549072,1
6.73972225189209,1
6.865508079528809,1
6.923857688903809,1
6.954647064208984,1
6.91278076171875,1
6.900806427001953,1
6.88823127746582,1
6.759371757507324,1
6.93254280090332,1
6.891255855560303,1
6.927467346191406,1
6.7699079513549805,1
7.027362823486328,1
6.924946308135986,1
7.032162666320801,1
6.985769271850586,1
6.846216678619385,1
6.785920143127441,1
6.76956844329834,1
7.080214023590088,1
6.766190528869629,1
6.833429336547852,1
6.959872245788574,1
6.770063400268555,1
6.928924560546875,1
6.743966102600098,1
6.775053024291992,1
7.048081398010254,1
6.837925910949707,1
6.851942539215088,1
6.664310455322266,1
6.9236249923706055,1
6.896176338195801,1
7.11805534362793,1
6.927501678466797,1
6.739715099334717,1
6.853963851928711,1
6.835821628570557,1
6.84134578704834,1
7.03523063659668,1
6.847269058227539,1
7.060123443603516,1
6.736617565155029,1
6.897274494171143,1
6.739044189453125,1
7.016399383544922,1
6.811822414398193,1
6.978240966796875,1
6.6150054931640625,1
6.966345310211182,1
7.0468926429748535,1
6.786756992340088,1
6.886786460876465,1
6.745850563049316,1
6.526625633239746,1
7.045812606811523,1
6.979074001312256,1
7.007054328918457,1
6.976714611053467,1
6.811067581176758,1
7.051294803619385,1
6.848623275756836,1
6.911600589752197,1
6.950593948364258,1
6.988229751586914,1
6.877541542053223,1
7.081788539886475,1
6.781385898590088,1
6.84420919418335,1
6.859563827514648,1
6.789658069610596,1
6.932590484619141,1
6.857417106628418,1
6.817440032958984,1
6.796453475952148,1
6.952581405639648,1
6.853076934814453,1
6.823604583740234,1
6.5572943687438965,1
6.831200122833252,1
6.926436901092529,1
6.956027984619141,1
6.558317184448242,1
6.918859958648682,1
6.857707977294922,1
6.736418724060059,1
6.874244689941406,1
6.88561487197876,1
6.530450820922852,1
6.8282270431518555,1
7.046451568603516,1
7.071320056915283,1
6.735994815826416,1
6.847499847412109,1
6.811529159545898,1
6.797398567199707,1
6.873500347137451,1
6.922209739685059,1
7.00244665145874,1
6.7843170166015625,1
6.866861820220947,1
6.843088150024414,1
6.771961688995361,1
7.021345138549805,1
6.909079074859619,1
6.864741802215576,1
6.896875381469727,1
6.940278053283691,1
6.8372416496276855,1
6.930729389190674,1
6.981464385986328,1
6.939143180847168,1
7.032973766326904,1
6.588778972625732,1
6.999312877655029,1
7.049936294555664,1
6.849740028381348,1
6.956777572631836,1
6.97163200378418,1
6.859284400939941,1
6.858320713043213,1
6.928374290466309,1
6.960529327392578,1
6.810942649841309,1
6.941642761230469,1
6.93277645111084,1
6.8135552406311035,1
6.8972344398498535,1
6.797338485717773,1
6.908042907714844,1
6.847633361816406,1
7.057548999786377,1
6.870965003967285,1
7.087507247924805,1
6.902854919433594,1
6.979667663574219,1
6.937074661254883,1
6.698598384857178,1
6.8089423179626465,1
6.758082866668701,1
6.763385772705078,1
7.011072635650635,1
6.790343761444092,1
6.9855804443359375,1
6.837340831756592,1
6.698209762573242,1
6.8371357917785645,1
6.918140411376953,1
6.807753562927246,1
7.095446586608887,1
6.777337074279785,1
6.7866950035095215,1
6.726731300354004,1
6.815057754516602,1
6.888393402099609,1
7.086660385131836,1
6.800394535064697,1
6.892239093780518,1
6.716304302215576,1
6.912374019622803,1
6.816068649291992,1
7.056686878204346,1
6.586687088012695,1
6.800357341766357,1
7.137038230895996,1
6.884322166442871,1
6.777924537658691,1
6.8015947341918945,1
6.851679801940918,1
6.969849109649658,1
6.787365913391113,1
6.911680698394775,1
7.0801215171813965,1
6.996842384338379,1
6.778603553771973,1
6.826450824737549,1
6.956709861755371,1
7.074063301086426,1
6.817311763763428,1
7.0893049240112305,1
6.942423343658447,1
6.755776882171631,1
6.778358459472656,1
6.978456497192383,1
6.863419532775879,1
6.946970462799072,1
6.907505035400391,1
6.915020942687988,1
6.889865875244141,1
6.958329200744629,1
6.814103126525879,1
7.057177543640137,1
6.630362033843994,1
6.877035140991211,1
6.746161460876465,1
6.893373489379883,1
6.830059051513672,1
6.947023391723633,1
7.0424065589904785,1
6.890065670013428,1
6.939427852630615,1
6.68773078918457,1
6.768152236938477,1
6.937067031860352,1
6.921940326690674,1
6.896664619445801,1
7.020947456359863,1
6.74658203125,1
6.881687641143799,1
6.939691543579102,1
6.870462894439697,1
6.759930610656738,1
6.894760608673096,1
6.787446975708008,1
6.7699079513549805,1
6.779775619506836,1
6.945378303527832,1
6.812812805175781,1
6.879317760467529,1
6.867190361022949,1
7.065160751342773,1
6.834842681884766,1
6.932279586791992,1
6.861944198608398,1
6.714330673217773,1
6.920511245727539,1
6.918373107910156,1
6.962350368499756,1
6.917766094207764,1
6.676876068115234,1
6.682352066040039,1
6.861754417419434,1
6.91343355178833,1
6.971617221832275,1
6.893380641937256,1
6.697698593139648,1
6.909086227416992,1
6.909356117248535,1
6.663250923156738,1
7.021949291229248,1
6.777761459350586,1
6.835711479187012,1
6.997712135314941,1
6.91713809967041,1
6.550688743591309,1
6.826277732849121,1
6.806146621704102,1
6.854407787322998,1
6.626829147338867,1
6.874719619750977,1
6.683913230895996,1
6.6797943115234375,1
6.627960205078125,1
7.047295570373535,1
7.040330410003662,1
6.631468296051025,1
6.59976863861084,1
6.886938571929932,1
6.856657981872559,1
6.951505184173584,1
6.757968425750732,1
6.96536922454834,1
7.288633346557617,1
6.718382358551025,1
7.013792037963867,1
6.958287239074707,1
6.945085525512695,1
6.605618000030518,1
6.835945129394531,1
6.813943862915039,1
6.496819972991943,1
7.063471794128418,1
6.92940616607666,1
6.590870380401611,1
6.91328239440918,1
6.844201564788818,1
6.802740097045898,1
6.8209452629089355,1
7.196034908294678,1
6.752386093139648,1
6.815976142883301,1
6.867374897003174,1
6.981279373168945,1
6.812368392944336,1
6.996309757232666,1
6.868221282958984,1
6.8777899742126465,1
6.590484142303467,1
6.838551044464111,1
6.97576379776001,1
6.956603527069092,1
6.978601455688477,1
6.807674407958984,1
6.896759033203125,1
6.892600059509277,1
7.072397232055664,1
6.670623779296875,1
6.949138164520264,1
6.805507659912109,1
7.101719379425049,1
6.939187049865723,1
6.747780799865723,1
7.033782482147217,1
6.946126937866211,1
6.755488395690918,1
6.9417619705200195,1
7.093801498413086,1
6.6900739669799805,1
6.919029235839844,1
6.91684627532959,1
6.899301528930664,1
6.78493595123291,1
7.108001232147217,1
6.887042999267578,1
6.962688446044922,1
6.959146976470947,1
6.699949264526367,1
7.064218521118164,1
6.823899745941162,1
6.796125411987305,1
6.9424357414245605,1
6.785502910614014,1
6.684062957763672,1
7.003240585327148,1
7.085130214691162,1
6.889706611633301,1
6.8289008140563965,1
6.960699558258057,1
6.843502521514893,1
6.8445000648498535,1
6.876701831817627,1
6.832864761352539,1
6.892455577850342,1
6.839912414550781,1
6.72623348236084,1
6.892568588256836,1
6.727185249328613,1
6.855597019195557,1
6.853038787841797,1
6.914985656738281,1
6.797427177429199,1
6.757645130157471,1
6.834656715393066,1
6.895968437194824,1
7.012186527252197,1
6.998594760894775,1
6.7939066886901855,1
6.923513412475586,1
6.750575065612793,1
6.901455879211426,1
6.786406517028809,1
6.93482780456543,1
6.820165634155273,1
6.718735694885254,1
7.007062911987305,1
6.866987705230713,1
6.634950637817383,1
6.738547325134277,1
6.794175624847412,1
6.844944000244141,1
6.9922051429748535,1
6.962978363037109,1
6.896974563598633,1
6.83447265625,1
6.804844856262207,1
6.882817268371582,1
6.908606052398682,1
6.885933876037598,1
6.871583461761475,1
6.640565395355225,1
6.9522552490234375,1
6.791190147399902,1
6.7931623458862305,1
7.239271640777588,1
6.985655784606934,1
6.745608329772949,1
6.914250373840332,1
6.530218601226807,1
6.840434551239014,1
6.9031171798706055,1
6.704844951629639,1
6.861358642578125,1
6.6090240478515625,1
6.9460649490356445,1
6.786106586456299,1
7.006802558898926,1
6.811357021331787,1
6.945680618286133,1
6.9523396492004395,1
6.735202312469482,1
6.918041229248047,1
6.907697677612305,1
6.970551013946533,1
6.495656967163086,1
6.774087905883789,1
6.632693767547607,1
6.921310901641846,1
6.686554908752441,1
6.353126525878906,1
6.900601387023926,1
6.695303440093994,1
6.991781234741211,1
6.880317687988281,1
6.767138481140137,1
6.850130558013916,1
6.917359828948975,1
6.916688919067383,1
6.511689186096191,1
6.985846519470215,1
6.939587593078613,1
6.3879852294921875,1
6.656885147094727,1
7.041108131408691,1
6.815221786499023,1
7.02663516998291,1
6.583990097045898,1
6.953164100646973,1
6.862944602966309,1
6.850557327270508,1
6.780829429626465,1
6.731552600860596,1
6.909505844116211,1
6.8282670974731445,1
6.766620635986328,1
6.913595199584961,1
7.052839279174805,1
6.978694915771484,1
6.758065223693848,1
6.834720134735107,1
6.8369340896606445,1
6.910513877868652,1
6.944377899169922,1
6.7974534034729,1
6.742353916168213,1
6.94577169418335,1
6.91594123840332,1
6.872635841369629,1
6.827903747558594,1
6.896121978759766,1
6.752988815307617,1
6.885210990905762,1
7.158676624298096,1
6.590269088745117,1
6.93547248840332,1
6.6837968826293945,1
6.8950605392456055,1
6.6885833740234375,1
6.723405361175537,1
6.723231792449951,1
6.802896499633789,1
7.041450023651123,1
6.767886161804199,1
6.946381568908691,1
6.776138782501221,1
6.635601043701172,1
6.712622165679932,1
6.652958393096924,1
6.918115139007568,1
7.010478973388672,1
6.628403663635254,1
6.695314407348633,1
6.506009101867676,1
6.772772789001465,1
6.6118669509887695,1
6.6329731941223145,1
6.94797945022583,1
6.686894416809082,1
6.629911422729492,1
6.863646507263184,1
6.531904220581055,1
6.8586015701293945,1
6.803008079528809,1
6.72768497467041,1
6.964326858520508,1
6.786689758300781,1
6.776662826538086,1
6.7219343185424805,1
6.833261489868164,1
6.549316883087158,1
7.061281681060791,1
7.354804039001465,1
6.813695907592773,1
6.836165428161621,1
6.879897117614746,1
6.8522443771362305,1
6.795013427734375,1
7.081357955932617,1
6.866182327270508,1
7.220094680786133,1
6.693859100341797,1
6.765066623687744,1
6.463855743408203,1
6.972759246826172,1
6.926490783691406,1
7.132503032684326,1
6.474536895751953,1
6.84864616394043,1
6.696238040924072,1
6.97590446472168,1
6.9016900062561035,1
7.035246849060059,1
6.904083251953125,1
7.054383277893066,1
6.954504013061523,1
6.764969348907471,1
6.449164390563965,1
6.824997901916504,1
6.826192855834961,1
6.730630874633789,1
6.832368850708008,1
6.688171863555908,1
7.076170444488525,1
6.9052019119262695,1
6.940884113311768,1
6.8906941413879395,1
6.719305992126465,1
6.964913368225098,1
6.771533012390137,1
6.930569171905518,1
6.832841873168945,1
6.828744888305664,1
6.657593727111816,1
6.707862854003906,1
6.799616813659668,1
6.343860626220703,1
6.632961750030518,1
6.767818450927734,1
6.894750595092773,1
6.955120086669922,1
7.071930885314941,1
6.939908504486084,1
7.143900394439697,1
6.666432857513428,1
6.579639434814453,1
6.916606903076172,1
6.571223258972168,1
6.918666839599609,1
6.550462245941162,1
6.985589981079102,1
6.747956275939941,1
6.776639461517334,1
7.027709007263184,1
7.274511337280273,1
6.86882209777832,1
6.881937026977539,1
6.785258769989014,1
6.900226593017578,1
6.767452239990234,1
6.647828102111816,1
7.0597028732299805,1
6.913224220275879,1
7.030888557434082,1
6.585946559906006,1
6.75398063659668,1
7.114585876464844,1
6.5977911949157715,1
7.023877143859863,1
7.186967849731445,1
6.843286514282227,1
7.197839736938477,1
6.781184673309326,1
7.177443504333496,1
6.709816932678223,1
6.791040420532227,1
6.965725898742676,1
6.722335338592529,1
6.844948768615723,1
6.77243709564209,1
7.252647399902344,1
6.862354755401611,1
6.838910102844238,1
6.964452743530273,1
6.8794355392456055,1
6.724606513977051,1
6.941240310668945,1
6.798233985900879,1
7.099569320678711,1
6.759045124053955,1
6.32641077041626,1
6.981237888336182,1
6.843512535095215,1
6.987213611602783,1
6.874844074249268,1
6.754571437835693,1
6.77974796295166,1
6.944335460662842,1
6.6405558586120605,1
6.8560895919799805,1
6.815221786499023,1
6.731759548187256,1
7.08820915222168,1
6.737683296203613,1
6.854629993438721,1
7.0942182540893555,1
6.549415588378906,1
6.878427982330322,1
7.112156391143799,1
6.757718563079834,1
6.652882099151611,1
6.522459030151367,1
6.887829780578613,1
6.270617485046387,1
6.681229591369629,1
6.790407657623291,1
6.852670669555664,1
6.786245346069336,1
6.787421226501465,1
6.9804368019104,1
6.7542243003845215,1
6.899197101593018,1
6.727047920227051,1
6.982466220855713,1
6.984516143798828,1
6.838679313659668,1
6.629406929016113,1
6.6747941970825195,1
6.662016868591309,1
6.751373291015625,1
6.959408760070801,1
7.093811988830566,1
6.399069786071777,1
6.83509635925293,1
6.953155040740967,1
6.397675514221191,1
6.874100685119629,1
7.082815647125244,1
6.634982109069824,1
7.343237400054932,1
6.788700103759766,1
6.814716339111328,1
6.750060558319092,1
6.424978256225586,1
6.799590110778809,1
6.802711486816406,1
6.825104713439941,1
6.4473676681518555,1
6.732207298278809,1
7.213062286376953,1
7.161861419677734,1
6.806216239929199,1
6.734541893005371,1
7.256103038787842,1
6.7411603927612305,1
6.704721450805664,1
7.057625770568848,1
6.8540754318237305,1
6.953994274139404,1
6.657003402709961,1
6.880037307739258,1
6.973491191864014,1
6.75604248046875,1
6.938962936401367,1
6.852637767791748,1
7.236326694488525,1
7.3168182373046875,1
6.894125938415527,1
6.599985122680664,1
6.540909290313721,1
6.891330242156982,1
6.9856719970703125,1
6.711678504943848,1
6.703895568847656,1
6.913867473602295,1
6.905438423156738,1
6.537848472595215,1
6.7271013259887695,1
6.7642035484313965,1
7.019865989685059,1
6.931772232055664,1
6.8136773109436035,1
6.740089416503906,1
6.995423316955566,1
6.897426605224609,1
6.287667274475098,1
6.632081031799316,1
7.0274763107299805,1
6.839258193969727,1
6.760268688201904,1
6.716930389404297,1
6.781643390655518,1
6.87901496887207,1
6.958301067352295,1
6.687978267669678,1
6.438115119934082,1
6.89646577835083,1
6.811585426330566,1
6.946228981018066,1
6.8392133712768555,1
6.998783111572266,1
6.719962120056152,1
6.873680114746094,1
6.938355445861816,1
6.876949787139893,1
6.626882553100586,1
6.720295429229736,1
6.955167770385742,1
6.71632194519043,1
6.554594993591309,1
6.954540252685547,1
7.250160217285156,1
6.6713361740112305,1
6.747199058532715,1
6.401611328125,1
6.902057647705078,1
6.9254150390625,1
6.815639019012451,1
6.285032272338867,1
6.878215789794922,1
6.890824317932129,1
6.911723613739014,1
6.89314079284668,1
6.611076354980469,1
6.763679504394531,1
6.7595109939575195,1
6.599783897399902,1
6.895203113555908,1
6.830200672149658,1
7.080134868621826,1
6.737172603607178,1
6.622169017791748,1
7.017960071563721,1
7.125637054443359,1
6.641125202178955,1
6.925544261932373,1
6.856834411621094,1
6.9299798011779785,1
6.889219284057617,1
6.679888725280762,1
6.525257587432861,1
6.619546890258789,1
6.916074752807617,1
6.873960018157959,1
6.791309356689453,1
6.883113861083984,1
6.816118240356445,1
6.758059501647949,1
6.949032783508301,1
7.121191024780273,1
6.684015274047852,1
6.691215991973877,1
6.639993667602539,1
7.065011978149414,1
6.757819175720215,1
6.880245685577393,1
6.847965240478516,1
6.821281433105469,1
6.832685947418213,1
7.059940338134766,1
7.252040863037109,1
7.019016265869141,1
6.677512168884277,1
6.771029949188232,1
6.798052787780762,1
6.812272071838379,1
6.7987751960754395,1
6.834253787994385,1
6.611244201660156,1
6.533658027648926,1
7.147769927978516,1
6.952767372131348,1
6.713869571685791,1
6.659648895263672,1
6.970696449279785,1
6.803167343139648,1
6.804271221160889,1
6.55533504486084,1
6.715994834899902,1
6.795107841491699,1
6.604033470153809,1
6.740093231201172,1
6.912571907043457,1
6.9175567626953125,1
6.773225784301758,1
6.707596778869629,1
6.663585662841797,1
6.753035545349121,1
7.144561767578125,1
6.9794793128967285,1
6.707022666931152,1
6.652697563171387,1
6.757682800292969,1
6.630669593811035,1
6.971503257751465,1
6.574254989624023,1
6.829690456390381,1
6.7677998542785645,1
6.89872932434082,1
6.799276828765869,1
6.836178302764893,1
6.678316116333008,1
6.822105407714844,1
6.750723361968994,1
7.058136940002441,1
6.908268451690674,1
6.930410861968994,1
6.657292366027832,1
6.554211616516113,1
6.75509786605835,1
6.784479141235352,1
6.945015907287598,1
6.888129711151123,1
6.4499711990356445,1
6.526503562927246,1
6.826498985290527,1
6.537911415100098,1
7.016746520996094,1
7.15855073928833,1
6.628569602966309,1
7.070950984954834,1
6.932259559631348,1
6.823671340942383,1
6.710373878479004,1
6.793663501739502,1
6.711638450622559,1
6.53581428527832,1
6.711148738861084,1
6.818904399871826,1
6.376453399658203,1
7.023210525512695,1
6.753856658935547,1
7.132399559020996,1
6.745822906494141,1
6.520528793334961,1
6.451557159423828,1
6.999250888824463,1
7.113429069519043,1
6.813814163208008,1
6.704727649688721,1
6.784524917602539,1
6.96540641784668,1
6.911390781402588,1
6.9279375076293945,1
6.620109558105469,1
6.788918972015381,1
6.709131240844727,1
6.963132381439209,1
6.993851661682129,1
7.042335510253906,1
6.605201721191406,1
6.847358703613281,1
6.618710517883301,1
6.670646667480469,1
6.885688304901123,1
6.6689910888671875,1
6.922606945037842,1
6.714191913604736,1
6.766282558441162,1
6.627127647399902,1
7.236681938171387,1
7.02101469039917,1
7.083557605743408,1
6.642593860626221,1
6.887560844421387,1
6.388476371765137,1
6.74794340133667,1
6.740922451019287,1
6.857954502105713,1
6.772977828979492,1
6.593017578125,1
6.550278663635254,1
6.975791931152344,1
6.832110404968262,1
6.704192638397217,1
6.8888020515441895,1
6.865016460418701,1
6.989468097686768,1
6.937836170196533,1
6.746171951293945,1
6.733676910400391,1
6.711755752563477,1
7.185711860656738,1
6.756361961364746,1
6.312429904937744,1
6.556065082550049,1
6.869993209838867,1
7.028111457824707,1
7.061812400817871,1
6.8586649894714355,1
6.647436618804932,1
7.089754104614258,1
6.989284515380859,1
6.622797012329102,1
6.935947895050049,1
6.8061723709106445,1
7.189024925231934,1
6.375390529632568,1
6.889193534851074,1
6.943139553070068,1
6.771426200866699,1
6.713086128234863,1
6.856799125671387,1
6.714316368103027,1
6.498383522033691,1
6.729218482971191,1
6.95475435256958,1
6.635662078857422,1
6.94073486328125,1
6.9118475914001465,1
6.76257848739624,1
7.024947643280029,1
6.87880802154541,1
6.671865940093994,1
6.996349811553955,1
6.972757339477539,1
6.705565452575684,1
6.877511978149414,1
6.699028491973877,1
6.871110916137695,1
6.825663089752197,1
7.0753655433654785,1
6.691986083984375,1
6.768853187561035,1
6.709109306335449,1
6.850614070892334,1
6.759247779846191,1
6.2126851081848145,1
6.916853904724121,1
7.17614221572876,1
7.054795265197754,1
6.773952007293701,1
6.944705963134766,1
6.763748645782471,1
6.479675769805908,1
6.792439937591553,1
6.722085952758789,1
6.92976188659668,1
6.812743186950684,1
6.856717586517334,1
7.0316081047058105,1
7.085747718811035,1
7.017244815826416,1
6.617993354797363,1
6.7479400634765625,1
6.8534088134765625,1
6.886975288391113,1
6.714055061340332,1
6.774640083312988,1
6.972448348999023,1
6.5753350257873535,1
6.73310661315918,1
6.849784851074219,1
6.924210548400879,1
6.8608784675598145,1
7.026403427124023,1
6.822284698486328,1
6.6800737380981445,1
6.787628173828125,1
6.889219284057617,1
7.015476226806641,1
6.869119167327881,1
6.842862129211426,1
6.833390235900879,1
7.1361212730407715,1
6.7428131103515625,1
6.971409797668457,1
6.64986515045166,1
7.013579368591309,1
6.654304504394531,1
6.829392433166504,1
6.703271389007568,1
6.554699897766113,1
6.726025581359863,1
6.765316009521484,1
6.669886589050293,1
6.750960826873779,1
6.708975791931152,1
6.614681720733643,1
6.863367080688477,1
6.809619903564453,1
6.903205394744873,1
7.256697654724121,1
6.9389543533325195,1
6.640473365783691,1
6.8208417892456055,1
7.025177001953125,1
6.888943195343018,1
6.799004554748535,1
6.884452819824219,1
7.014885902404785,1
7.077139854431152,1
6.700797080993652,1
6.911425590515137,1
6.75070858001709,1
6.522756576538086,1
6.859593868255615,1
6.697780609130859,1
6.993645191192627,1
7.080776214599609,1
6.909405708312988,1
7.177412033081055,1
6.782387733459473,1
7.190291404724121,1
6.9714484214782715,1
7.06678581237793,1
6.870917320251465,1
6.770899772644043,1
6.984236717224121,1
6.88038444519043,1
6.632534980773926,1
6.853527545928955,1
6.894070148468018,1
6.909058570861816,1
6.859371185302734,1
6.7296671867370605,1
6.7796125411987305,1
6.642621040344238,1
6.664124011993408,1
7.02763557434082,1
6.617629528045654,1
6.797821998596191,1
6.863044738769531,1
6.686592102050781,1
6.90748405456543,1
6.777071952819824,1
6.757772445678711,1
6.587263107299805,1
6.7228007316589355,1
6.729341506958008,1
6.868412494659424,1
6.561776638031006,1
6.642107009887695,1
6.707971572875977,1
6.7710466384887695,1
6.6074299812316895,1
6.964722633361816,1
6.672821044921875,1
6.909694194793701,1
7.001770973205566,1
6.963250637054443,1
7.031700134277344,1
6.908619403839111,1
6.691928863525391,1
6.844497203826904,1
6.865749359130859,1
6.510931968688965,1
7.235489845275879,1
6.9304704666137695,1
6.7834978103637695,1
6.841216564178467,1
6.88737678527832,1
7.127574920654297,1
6.8795857429504395,1
6.724609851837158,1
6.926987648010254,1
6.674375534057617,1
6.9429121017456055,1
6.816755294799805,1
7.033884048461914,1
7.002765655517578,1
6.737787246704102,1
6.673595428466797,1
6.780337810516357,1
6.551297187805176,1
6.852054595947266,1
7.067627906799316,1
6.8667216300964355,1
6.8153791427612305,1
6.906514644622803,1
6.894672393798828,1
6.692551612854004,1
6.679189682006836,1
6.835224628448486,1
6.609467506408691,1
6.978785514831543,1
6.930163383483887,1
6.638193130493164,1
6.894205570220947,1
6.520787239074707,1
6.658941745758057,1
6.687832832336426,1
6.920206069946289,1
6.662108421325684,1
6.631106376647949,1
6.886926651000977,1
6.942984580993652,1
6.823587417602539,1
6.777730941772461,1
6.6615705490112305,1
7.078302383422852,1
6.84888219833374,1
6.6186113357543945,1
7.113563537597656,1
6.71583366394043,1
6.444807529449463,1
6.392555236816406,1
6.750718116760254,1
6.667903900146484,1
6.526541709899902,1
6.910584449768066,1
6.731900691986084,1
6.72963809967041,1
6.642767906188965,1
6.6708526611328125,1
6.285338401794434,1
6.793585300445557,1
6.795908451080322,1
6.871629238128662,1
6.816077709197998,1
6.993180274963379,1
6.7647857666015625,1
6.584158897399902,1
6.902331352233887,1
6.73844575881958,1
6.578743934631348,1
6.757143974304199,1
7.201473712921143,1
6.890837669372559,1
6.9858808517456055,1
6.668681621551514,1
6.889717102050781,1
6.728639602661133,1
6.697297096252441,1
7.002575874328613,1
6.803741931915283,1
6.351210594177246,1
6.925663948059082,1
7.149994850158691,1
6.79224967956543,1
6.833266258239746,1
7.069232940673828,1
6.613121032714844,1
6.8342084884643555,1
7.025669574737549,1
6.801085472106934,1
6.833820343017578,1
6.460184097290039,1
6.765772819519043,1
6.638082504272461,1
6.711029529571533,1
6.8175950050354,1
6.857708930969238,1
7.103687286376953,1
6.676694393157959,1
6.694301605224609,1
6.826530456542969,1
6.686090469360352,1
6.7097487449646,1
6.667668342590332,1
6.721429347991943,1
7.120108604431152,1
6.94711971282959,1
6.822403907775879,1
7.243400573730469,1
6.853209495544434,1
6.752992153167725,1
6.462660789489746,1
6.719632148742676,1
6.657374382019043,1
6.602520942687988,1
7.205533981323242,1
6.570583343505859,1
6.883116245269775,1
7.14773416519165,1
6.924533367156982,1
6.923087120056152,1
7.041938304901123,1
6.432456016540527,1
6.890433311462402,1
6.8917975425720215,1
6.698389530181885,1
6.618847846984863,1
7.034310340881348,1
6.904855251312256,1
6.77290153503418,1
6.664899826049805,1
6.508563041687012,1
6.946246147155762,1
6.621386528015137,1
6.731111526489258,1
6.945432186126709,1
6.588048934936523,1
6.814543724060059,1
6.827934741973877,1
6.7682952880859375,1
6.958342552185059,1
6.631667137145996,1
7.074830055236816,1
6.775227069854736,1
6.744744300842285,1
7.103141784667969,1
6.921142101287842,1
6.766099452972412,1
6.570075035095215,1
6.536373138427734,1
6.979031085968018,1
6.842392444610596,1
6.968099117279053,1
6.582808494567871,1
6.917766094207764,1
6.787073612213135,1
7.013655185699463,1
6.633157253265381,1
6.763677597045898,1
6.86296272277832,1
6.901603698730469,1
6.801839828491211,1
6.834898948669434,1
6.927585601806641,1
6.716556072235107,1
6.496488571166992,1
6.671116828918457,1
6.920558929443359,1
6.783702850341797,1
6.9037580490112305,1
7.150527000427246,1
6.5701069831848145,1
7.157045364379883,1
7.030641555786133,1
6.479948043823242,1
6.7229108810424805,1
6.938368797302246,1
6.899223327636719,1
7.184196472167969,1
6.997824668884277,1
6.727204322814941,1
6.758626937866211,1
6.8087544441223145,1
6.620717525482178,1
6.932370185852051,1
6.6111955642700195,1
6.558866024017334,1
6.974383354187012,1
6.490557670593262,1
6.743760108947754,1
6.640193939208984,1
6.958136558532715,1
7.036677360534668,1
6.872714519500732,1
6.653252124786377,1
6.762328624725342,1
6.580840110778809,1
7.031534671783447,1
6.307011127471924,1
6.838641166687012,1
7.068098068237305,1
6.973684787750244,1
6.900570869445801,1
7.303447723388672,1
7.002597808837891,1
6.44279146194458,1
6.603797435760498,1
6.676765441894531,1
6.928557395935059,1
6.8818440437316895,1
6.5985107421875,1
6.929640769958496,1
6.787693977355957,1
6.728209495544434,1
6.730443954467773,1
6.854602813720703,1
6.894167900085449,1
6.864494323730469,1
6.670747756958008,1
6.886410713195801,1
6.509932518005371,1
6.68234920501709,1
6.810288906097412,1
6.727780342102051,1
6.558241844177246,1
6.715694904327393,1
6.744865417480469,1
7.02305269241333,1
6.971901893615723,1
6.920804023742676,1
6.838047981262207,1
6.973801612854004,1
6.686279296875,1
7.248476028442383,1
6.510599613189697,1
6.742002487182617,1
6.730589866638184,1
6.61513614654541,1
6.85137414932251,1
6.862452507019043,1
6.800975799560547,1
5.929764747619629,1
6.7665629386901855,1
6.461337566375732,1
7.189377307891846,1
6.645431041717529,1
6.91001558303833,1
6.700909614562988,1
6.899982929229736,1
6.86176872253418,1
6.612430572509766,1
6.998867034912109,1
6.770747661590576,1
6.688484191894531,1
6.755338668823242,1
6.726000785827637,1
6.689929008483887,1
6.34417724609375,1
6.8661394119262695,1
7.136577606201172,1
6.992051601409912,1
6.67841100692749,1
6.93929386138916,1
6.846205711364746,1
7.228282928466797,1
6.84516716003418,1
7.002781391143799,1
6.957627296447754,1
6.984846115112305,1
6.916040420532227,1
6.946887016296387,1
6.789971351623535,1
6.886896133422852,1
6.662020683288574,1
6.886948108673096,1
6.73177433013916,1
6.987748146057129,1
6.764856338500977,1
6.823564529418945,1
6.551597595214844,1
6.53334903717041,1
7.102684020996094,1
6.659893035888672,1
6.689029216766357,1
6.798159599304199,1
6.95859432220459,1
6.893861770629883,1
6.605205535888672,1
6.862479209899902,1
6.933786392211914,1
6.86727237701416,1
6.751955986022949,1
6.952180862426758,1
6.634200096130371,1
6.79284143447876,1
6.638050079345703,1
6.754423141479492,1
6.751308441162109,1
6.632956504821777,1
6.776656150817871,1
6.765223979949951,1
6.753286838531494,1
7.021320343017578,1
6.729866027832031,1
6.550521373748779,1
6.741476058959961,1
6.433418273925781,1
6.840510845184326,1
6.844762802124023,1
6.684893608093262,1
6.686528205871582,1
6.611860275268555,1
6.734011173248291,1
6.876629829406738,1
7.0076823234558105,1
6.765046119689941,1
6.937920570373535,1
6.9881486892700195,1
6.554376602172852,1
6.847465991973877,1
6.649504661560059,1
6.83154821395874,1
6.856266975402832,1
6.686478614807129,1
6.830987453460693,1
7.024473190307617,1
6.646297454833984,1
6.925633430480957,1
6.856176376342773,1
6.757461071014404,1
6.965689659118652,1
6.580206394195557,1
6.808175086975098,1
6.810874938964844,1
6.816455841064453,1
6.721665382385254,1
6.614443778991699,1
6.970070838928223,1
6.555690765380859,1
7.024445533752441,1
6.935168266296387,1
6.579183578491211,1
6.560789585113525,1
6.901803970336914,1
6.567155838012695,1
6.978641033172607,1
6.885578155517578,1
6.5940375328063965,1
6.97533655166626,1
6.4479594230651855,1
6.654191493988037,1
6.580644607543945,1
6.724759101867676,1
6.457587242126465,1
6.856752395629883,1
6.825660228729248,1
6.876459121704102,1
6.8224592208862305,1
6.803727149963379,1
6.727888107299805,1
6.756034851074219,1
6.818343639373779,1
6.652189254760742,1
6.442612648010254,1
7.278197288513184,1
6.993255138397217,1
6.5747857093811035,1
7.080983638763428,1
6.830662250518799,1
6.828118324279785,1
6.8553147315979,1
6.682952404022217,1
6.544092178344727,1
6.894891738891602,1
6.786961555480957,1
6.859872817993164,1
6.878493785858154,1
6.674028396606445,1
6.669316291809082,1
6.435121536254883,1
6.6517510414123535,1
6.745114326477051,1
6.844510078430176,1
6.8401384353637695,1
6.775424003601074,1
6.8665771484375,1
6.938169479370117,1
6.755420684814453,1
6.761219024658203,1
7.133993148803711,1
6.852380275726318,1
6.783840656280518,1
7.092009544372559,1
6.894831657409668,1
6.781908988952637,1
6.596959114074707,1
6.685053825378418,1
7.048373222351074,1
6.785100936889648,1
6.829346179962158,1
7.018214225769043,1
7.004913330078125,1
6.668642520904541,1
6.5979719161987305,1
6.9531569480896,1
6.883797645568848,1
6.973083019256592,1
6.247152328491211,1
7.039299011230469,1
6.950456142425537,1
6.588207244873047,1
7.065654754638672,1
6.865785598754883,1
6.760889053344727,1
6.850343227386475,1
6.928899765014648,1
6.606389045715332,1
6.747234344482422,1
6.899447441101074,1
6.507522106170654,1
6.8487467765808105,1
6.753756999969482,1
6.710533142089844,1
6.940826416015625,1
6.897907257080078,1
6.7231221199035645,1
6.7927350997924805,1
6.918983459472656,1
7.028659820556641,1
6.870316982269287,1
6.623425483703613,1
6.824775695800781,1
6.795702934265137,1
6.876367568969727,1
6.730318546295166,1
6.700587272644043,1
6.9682159423828125,1
6.950656890869141,1
6.741976737976074,1
6.836325168609619,1
6.840057373046875,1
6.386796951293945,1
6.8676252365112305,1
6.799709320068359,1
6.579547882080078,1
6.661762237548828,1
6.677694320678711,1
6.661811828613281,1
7.141066551208496,1
6.740598678588867,1
6.696322441101074,1
6.969594955444336,1
6.6914191246032715,1
6.867287635803223,1
6.9455766677856445,1
6.814273834228516,1
6.841775894165039,1
6.419582843780518,1
6.844781875610352,1
6.909193992614746,1
6.828364849090576,1
6.542766571044922,1
7.002030372619629,1
6.804355144500732,1
6.858518600463867,1
7.099236965179443,1
6.680147171020508,1
6.550847053527832,1
6.989017009735107,1
6.923025131225586,1
6.653875827789307,1
6.968244552612305,1
6.580224990844727,1
6.666592121124268,1
6.6965131759643555,1
6.856780052185059,1
6.98100471496582,1
6.8330559730529785,1
6.774552345275879,1
6.6759352684021,1
6.914273262023926,1
6.510398864746094,1
6.640974998474121,1
6.530683517456055,1
7.137650012969971,1
6.674215793609619,1
6.605292320251465,1
6.675909519195557,1
6.617378234863281,1
6.75861120223999,1
6.816311836242676,1
6.620213985443115,1
6.910806655883789,1
6.376950740814209,1
6.797026634216309,1
6.947352886199951,1
6.62757682800293,1
6.587277889251709,1
6.815782070159912,1
6.861926078796387,1
6.784865379333496,1
6.683876037597656,1
6.389740943908691,1
6.629286766052246,1
6.685921669006348,1
6.810742378234863,1
6.52804708480835,1
6.5660400390625,1
6.6855387687683105,1
6.812919616699219,1
6.848541259765625,1
6.669243335723877,1
6.922290802001953,1
6.993035316467285,1
6.536637306213379,1
6.779974937438965,1
6.843851089477539,1
6.84405517578125,1
6.171411037445068,1
6.674637794494629,1
6.812193870544434,1
7.219158172607422,1
6.6489949226379395,1
6.564648628234863,1
6.789682388305664,1
7.020845413208008,1
6.78387451171875,1
7.186988830566406,1
6.946925640106201,1
6.727184295654297,1
6.727107048034668,1
6.745301246643066,1
6.684512138366699,1
6.727408409118652,1
6.726754665374756,1
6.951486110687256,1
6.3818559646606445,1
6.55596923828125,1
6.931986331939697,1
6.878847599029541,1
6.818871021270752,1
6.848011493682861,1
6.61795711517334,1
6.817636966705322,1
6.839329242706299,1
7.17600679397583,1
6.730795860290527,1
6.646641254425049,1
6.597651958465576,1
6.724433898925781,1
6.549795627593994,1
6.7066802978515625,1
6.9388861656188965,1
6.591124057769775,1
6.315395355224609,1
6.642746448516846,1
6.900368690490723,1
6.6248579025268555,1
6.502358436584473,1
7.074260234832764,1
6.7538604736328125,1
7.2096099853515625,1
6.613399505615234,1
6.812369346618652,1
6.665874481201172,1
6.38798713684082,1
6.355731964111328,1
7.167290687561035,1
6.651727676391602,1
6.9422407150268555,1
7.0325446128845215,1
6.6522297859191895,1
6.715365886688232,1
6.7827467918396,1
6.765164375305176,1
6.79263973236084,1
6.989171028137207,1
7.051715850830078,1
7.025562286376953,1
6.9401960372924805,1
6.849239826202393,1
6.687814235687256,1
6.425449371337891,1
6.88359260559082,1
6.815319538116455,1
6.661786079406738,1
6.787395477294922,1
6.634206771850586,1
7.038968086242676,1
6.676945686340332,1
6.6419196128845215,1
6.740154266357422,1
6.570574760437012,1
6.665756702423096,1
6.841102600097656,1
6.762726306915283,1
6.9395270347595215,1
6.655594825744629,1
6.644205093383789,1
6.52175235748291,1
6.8958516120910645,1
6.694310188293457,1
7.125608444213867,1
6.511374473571777,1
6.907313346862793,1
6.672455787658691,1
6.624575614929199,1
6.8267621994018555,1
6.917715072631836,1
6.6043548583984375,1
7.0516839027404785,1
6.342977523803711,1
6.787038326263428,1
6.530374526977539,1
6.364531993865967,1
6.599239349365234,1
6.759510040283203,1
6.653390407562256,1
6.384947776794434,1
6.531839847564697,1
6.925882339477539,1
6.826508045196533,1
6.658018589019775,1
6.707518100738525,1
6.963958740234375,1
7.2514495849609375,1
6.876049995422363,1
7.3072357177734375,1
6.508180618286133,1
7.155805587768555,1
6.671328067779541,1
6.7108917236328125,1
6.499641418457031,1
6.627076625823975,1
6.699149131774902,1
6.558190822601318,1
6.950791358947754,1
6.770576477050781,1
6.638730525970459,1
7.182528972625732,1
6.746023178100586,1
6.575776100158691,1
7.143276214599609,1
6.805646896362305,1
6.604554176330566,1
6.858463764190674,1
6.669770240783691,1
6.576758861541748,1
7.08702278137207,1
6.879779815673828,1
6.544093608856201,1
6.848565101623535,1
6.494894981384277,1
6.781008243560791,1
6.973711967468262,1
7.1180315017700195,1
6.811354637145996,1
6.6863017082214355,1
6.85906982421875,1
6.483614921569824,1
6.98703670501709,1
6.7136945724487305,1
6.596979141235352,1
6.939970970153809,1
6.86777400970459,1
6.73717737197876,1
6.552597999572754,1
6.696110725402832,1
7.017202854156494,1
6.740239143371582,1
7.215807914733887,1
6.650603294372559,1
6.735902786254883,1
6.589130401611328,1
7.0016770362854,1
6.961379051208496,1
6.512010097503662,1
6.561985015869141,1
6.793134689331055,1
6.917272090911865,1
6.836888313293457,1
6.763530254364014,1
6.753084659576416,1
6.982273101806641,1
6.55024528503418,1
6.776139259338379,1
6.384891510009766,1
6.6283793449401855,1
6.7123517990112305,1
6.9150261878967285,1
6.846221446990967,1
6.658309459686279,1
7.374715805053711,1
6.82534122467041,1
6.497838497161865,1
6.440319538116455,1
6.5328521728515625,1
6.481428146362305,1
7.00494384765625,1
6.816639423370361,1
6.416115760803223,1
6.612698554992676,1
6.557449817657471,1
6.598587989807129,1
6.786102294921875,1
6.6136674880981445,1
6.723235130310059,1
6.367096900939941,1
6.825133800506592,1
6.816300392150879,1
6.66908597946167,1
7.029551029205322,1
5.899792671203613,1
6.6125898361206055,1
6.686336517333984,1
7.141186237335205,1
6.838102340698242,1
6.917011260986328,1
6.780902862548828,1
6.982058525085449,1
6.727644920349121,1
6.481988906860352,1
6.416721343994141,1
6.871176719665527,1
6.744847774505615,1
6.9617486000061035,1
6.984166622161865,1
6.479700088500977,1
6.9720330238342285,1
6.807474136352539,1
6.96207332611084,1
6.775183200836182,1
6.925100803375244,1
6.645270347595215,1
6.718751907348633,1
6.886302471160889,1
6.832798004150391,1
6.896392345428467,1
7.052704811096191,1
6.8814897537231445,1
6.640038967132568,1
7.016854286193848,1
6.761322021484375,1
6.800877571105957,1
6.707476615905762,1
6.369803428649902,1
6.482730865478516,1
6.58962345123291,1
7.008556842803955,1
6.630364418029785,1
6.9805755615234375,1
6.619970321655273,1
6.804259777069092,1
6.915212154388428,1
7.080190658569336,1
6.576071739196777,1
6.896572113037109,1
6.846590042114258,1
6.661972999572754,1
6.61176061630249,1
6.6745195388793945,1
6.873380661010742,1
6.722883224487305,1
6.453996658325195,1
6.987424850463867,1
6.7923665046691895,1
6.553235054016113,1
6.840814590454102,1
7.005702972412109,1
6.665317058563232,1
6.857588768005371,1
6.65205192565918,1
6.901891231536865,1
6.234899520874023,1
6.7582173347473145,1
6.785406112670898,1
6.75435209274292,1
6.584537982940674,1
6.30800724029541,1
6.563471794128418,1
7.07607364654541,1
6.641224384307861,1
6.7956438064575195,1
6.717550277709961,1
6.440676689147949,1
6.782965660095215,1
6.6172380447387695,1
6.610065460205078,1
6.6617279052734375,1
6.804434776306152,1
6.658503532409668,1
6.5864667892456055,1
6.637051582336426,1
6.7118682861328125,1
6.762312889099121,1
6.983222961425781,1
6.508115291595459,1
6.949230194091797,1
6.721808433532715,1
6.465851783752441,1
6.432958602905273,1
6.7591657638549805,1
6.636681079864502,1
6.341952323913574,1
6.387259006500244,1
6.819608211517334,1
6.565132141113281,1
6.965280532836914,1
6.51475715637207,1
6.796565055847168,1
6.373986721038818,1
6.5787553787231445,1
6.979565143585205,1
6.619094371795654,1
6.879913806915283,1
6.43215274810791,1
6.672930717468262,1
6.664862632751465,1
5.959348678588867,1
6.700674057006836,1
6.718428134918213,1
6.857416152954102,1
6.934117317199707,1
6.6821746826171875,1
6.831729412078857,1
6.231599807739258,1
7.055478096008301,1
6.810956954956055,1
7.367776870727539,1
6.7950029373168945,1
7.009361267089844,1
6.4391703605651855,1
7.221457481384277,1
6.896780014038086,1
6.474090099334717,1
6.576818466186523,1
6.533560752868652,1
6.918661117553711,1
6.943306922912598,1
6.633642196655273,1
7.118717670440674,1
6.437198162078857,1
7.101500034332275,1
6.5642290115356445,1
6.704517841339111,1
6.744168281555176,1
6.569382190704346,1
6.990174770355225,1
6.990361213684082,1
6.450253009796143,1
6.482757568359375,1
6.7984747886657715,1
6.432657241821289,1
6.656099319458008,1
6.669586181640625,1
6.566037178039551,1
6.787705421447754,1
6.570075035095215,1
6.645664215087891,1
6.60233736038208,1
6.655030250549316,1
6.4978790283203125,1
6.722695827484131,1
6.442723274230957,1
6.74228572845459,1
7.339728832244873,1
6.6288957595825195,1
6.53958797454834,1
6.5468597412109375,1
6.5564751625061035,1
6.6434102058410645,1
6.817597389221191,1
6.856253147125244,1
6.723053455352783,1
7.146398067474365,1
6.847064018249512,1
6.4707207679748535,1
6.762996673583984,1
6.686591148376465,1
6.785638332366943,1
6.956082820892334,1
7.078688144683838,1
6.70596170425415,1
6.520549774169922,1
6.783610820770264,1
6.8166399002075195,1
7.018980026245117,1
6.644262790679932,1
6.259526252746582,1
6.647067070007324,1
6.638521671295166,1
6.817435264587402,1
7.033380508422852,1
6.893549919128418,1
6.644451141357422,1
6.836456775665283,1
6.759024620056152,1
7.112924575805664,1
6.788695335388184,1
7.036808967590332,1
6.979626655578613,1
6.722409725189209,1
7.007843971252441,1
6.6848225593566895,1
6.834281921386719,1
6.455085754394531,1
6.64680290222168,1
6.682548999786377,1
6.633175849914551,1
6.430476188659668,1
6.787816524505615,1
6.93905782699585,1
6.764101028442383,1
6.674239635467529,1
6.487460136413574,1
6.6222944259643555,1
6.792420387268066,1
6.989975452423096,1
7.056883811950684,1
7.192647933959961,1
6.474996566772461,1
6.940555572509766,1
7.136061191558838,1
6.565564155578613,1
7.207100868225098,1
7.01824951171875,1
6.6507391929626465,1
6.874163627624512,1
6.635188102722168,1
6.704052925109863,1
6.723753452301025,1
6.619725704193115,1
6.8446784019470215,1
6.6955976486206055,1
6.9172821044921875,1
6.963068962097168,1
6.601178169250488,1
6.509572982788086,1
7.056639671325684,1
6.436153411865234,1
6.34079647064209,1
6.444538116455078,1
6.79888391494751,1
6.888696193695068,1
6.935435771942139,1
6.957756042480469,1
6.933032035827637,1
6.715457916259766,1
6.610185146331787,1
7.103568077087402,1
6.420080184936523,1
6.504940509796143,1
6.923009872436523,1
6.4996795654296875,1
6.705338478088379,1
6.8871026039123535,1
6.919558525085449,1
6.613309860229492,1
6.8736572265625,1
6.779307842254639,1
6.392186164855957,1
6.6864142417907715,1
6.748749256134033,1
6.939935207366943,1
6.706979751586914,1
6.7778143882751465,1
6.763697147369385,1
6.648090362548828,1
6.770786285400391,1
6.725071907043457,1
6.474044322967529,1
6.571042537689209,1
6.753276824951172,1
6.688231468200684,1
6.678755760192871,1
6.742708206176758,1
7.010669708251953,1
6.378915786743164,1
6.909473419189453,1
6.627222061157227,1
6.875404357910156,1
6.7168755531311035,1
6.193480491638184,1
7.023611068725586,1
6.4115309715271,1
6.851157188415527,1
6.676987648010254,1
6.866583824157715,1
6.844183921813965,1
6.641196250915527,1
6.5884246826171875,1
7.160609245300293,1
6.929698944091797,1
6.865628719329834,1
6.730491638183594,1
7.048376083374023,1
6.624876022338867,1
7.421905994415283,1
7.04366397857666,1
7.215317249298096,1
6.856977939605713,1
6.621103286743164,1
6.558543682098389,1
6.937012672424316,1
6.7469940185546875,1
6.6325788497924805,1
6.921215057373047,1
6.5317277908325195,1
6.635647296905518,1
6.622156620025635,1
6.751067161560059,1
6.520155906677246,1
6.9007344245910645,1
6.730212211608887,1
6.817397117614746,1
6.604395866394043,1
6.463070869445801,1
6.816775321960449,1
6.810929775238037,1
6.707672595977783,1
6.767159938812256,1
6.4406046867370605,1
6.6667160987854,1
6.766827583312988,1
6.643648624420166,1
6.612936973571777,1
6.840469837188721,1
7.033333778381348,1
6.805292129516602,1
6.528562068939209,1
6.670883655548096,1
6.870554447174072,1
6.264410972595215,1
6.763065338134766,1
6.73834228515625,1
6.5450215339660645,1
6.493288993835449,1
6.561548233032227,1
6.496734142303467,1
6.19754695892334,1
6.935154438018799,1
6.649820327758789,1
6.756452560424805,1
6.921137809753418,1
6.717061996459961,1
6.275360584259033,1
7.015364170074463,1
6.888400554656982,1
6.636168003082275,1
6.421896934509277,1
6.739043235778809,1
6.845000267028809,1
6.6996378898620605,1
6.766339302062988,1
6.661808967590332,1
7.092825412750244,1
6.479313850402832,1
6.662895679473877,1
6.739834785461426,1
7.18272590637207,1
7.01423978805542,1
6.346930503845215,1
6.813365936279297,1
6.375141143798828,1
6.884121894836426,1
6.975953102111816,1
6.97396183013916,1
6.684528350830078,1
6.874655723571777,1
6.818568229675293,1
6.5242767333984375,1
6.4404401779174805,1
6.876911163330078,1
7.114246368408203,1
6.947892665863037,1
6.662932395935059,1
6.583839416503906,1
6.401670932769775,1
6.900738716125488,1
6.702689170837402,1
7.125612258911133,1
6.980101108551025,1
7.070110321044922,1
6.755095958709717,1
6.8612775802612305,1
7.053824424743652,1
6.613964080810547,1
6.724527359008789,1
6.607905387878418,1
6.787314414978027,1
6.927308082580566,1
6.526857376098633,1
6.694183349609375,1
6.685736656188965,1
6.8094892501831055,1
7.018182754516602,1
6.751322269439697,1
7.008273124694824,1
7.010127067565918,1
6.567008018493652,1
6.709846496582031,1
6.672147750854492,1
7.000303268432617,1
6.970658302307129,1
6.483826637268066,1
7.063086986541748,1
6.59262752532959,1
6.875678062438965,1
6.675145149230957,1
6.150234699249268,1
6.871293544769287,1
6.925108909606934,1
6.941566467285156,1
6.496488571166992,1
6.754059314727783,1
6.640223026275635,1
6.555494785308838,1
6.684691429138184,1
6.4846906661987305,1
6.828907012939453,1
6.50302267074585,1
7.122272491455078,1
6.868505477905273,1
6.945759296417236,1
6.925381183624268,1
6.777423858642578,1
7.231327056884766,1
6.891524314880371,1
6.844900608062744,1
6.688143730163574,1
6.50994348526001,1
6.402949333190918,1
6.597934246063232,1
6.730733871459961,1
7.009498596191406,1
6.801456451416016,1
6.891261100769043,1
6.848631858825684,1
6.841127395629883,1
6.605042934417725,1
6.326501369476318,1
6.536434650421143,1
6.721199989318848,1
6.7841386795043945,1
6.982186317443848,1
6.6914143562316895,1
6.797605514526367,1
6.5944037437438965,1
6.771291732788086,1
6.941784858703613,1
6.566944122314453,1
6.638401031494141,1
6.847965240478516,1
6.801211833953857,1
6.733437538146973,1
6.899304389953613,1
6.562423229217529,1
6.561398506164551,1
6.675514221191406,1
6.573348045349121,1
6.975317478179932,1
6.666467189788818,1
6.862240314483643,1
6.672694683074951,1
6.7526655197143555,1
6.189746856689453,1
6.362833499908447,1
7.110917091369629,1
6.620453834533691,1
6.657053470611572,1
6.410314559936523,1
6.490859031677246,1
6.8306050300598145,1
6.800263404846191,1
6.541346073150635,1
6.604966163635254,1
6.435158729553223,1
7.099245548248291,1
6.798124313354492,1
7.505273342132568,1
6.706751823425293,1
6.6484527587890625,1
6.957423210144043,1
6.9466023445129395,1
6.976336479187012,1
6.702038764953613,1
6.845275402069092,1
6.715892791748047,1
6.622732162475586,1
6.742156982421875,1
7.3624749183654785,1
6.856276988983154,1
6.608598709106445,1
6.717555046081543,1
6.52362060546875,1
6.942562103271484,1
6.786738395690918,1
6.842408657073975,1
6.724940299987793,1
6.72872257232666,1
6.76015043258667,1
6.789190292358398,1
6.854100704193115,1
6.985607624053955,1
7.209070205688477,1
6.862280368804932,1
6.832813739776611,1
6.982220649719238,1
6.736809730529785,1
6.914491653442383,1
6.5126447677612305,1
7.041389465332031,1
6.605813026428223,1
6.439599990844727,1
6.986706256866455,1
6.960433006286621,1
6.937222003936768,1
6.311034202575684,1
6.713595390319824,1
6.905062198638916,1
6.7061285972595215,1
6.632787704467773,1
6.671565055847168,1
6.61168098449707,1
6.8647027015686035,1
6.528164863586426,1
6.574959754943848,1
6.482616901397705,1
6.995693683624268,1
6.827563285827637,1
6.643947601318359,1
6.414919376373291,1
6.627379417419434,1
6.838344573974609,1
6.624709129333496,1
6.7232346534729,1
6.648022651672363,1
6.754500865936279,1
7.026843070983887,1
6.7640814781188965,1
6.431461811065674,1
6.6759114265441895,1
6.431161880493164,1
6.72991418838501,1
7.055717468261719,1
6.558316230773926,1
6.845627784729004,1
7.111194133758545,1
6.287988662719727,1
6.748579502105713,1
6.37777042388916,1
6.645454406738281,1
6.809919357299805,1
6.450610160827637,1
6.8746490478515625,1
6.802020072937012,1
7.007191181182861,1
6.452272415161133,1
6.937949180603027,1
7.124930381774902,1
7.290448188781738,1
6.899864196777344,1
6.591012954711914,1
6.887454509735107,1
6.80999755859375,1
6.664806365966797,1
6.716983795166016,1
6.76583194732666,1
6.876616477966309,1
6.751483917236328,1
6.8250627517700195,1
7.055718421936035,1
6.9793701171875,1
6.738116264343262,1
6.9033613204956055,1
7.124917030334473,1
6.627654552459717,1
6.965818405151367,1
6.910397052764893,1
6.5198869705200195,1
6.782220363616943,1
6.997894287109375,1
6.662417411804199,1
6.761401653289795,1
6.874919891357422,1
6.720561981201172,1
6.413443565368652,1
6.544188976287842,1
6.832379341125488,1
6.96523380279541,1
7.054654598236084,1
6.7512288093566895,1
6.816309452056885,1
7.0007195472717285,1
6.748225688934326,1
6.405789375305176,1
6.697502136230469,1
6.842130661010742,1
6.223359107971191,1
6.8690338134765625,1
6.614118576049805,1
6.85706901550293,1
6.282259941101074,1
6.919792175292969,1
6.776690483093262,1
6.842886447906494,1
6.833149433135986,1
6.542853355407715,1
6.903063774108887,1
6.327150821685791,1
6.851311206817627,1
6.644944667816162,1
6.6175642013549805,1
6.508584976196289,1
6.795360565185547,1
6.449594497680664,1
6.775332927703857,1
6.742342948913574,1
6.626283645629883,1
6.812458038330078,1
6.654829978942871,1
6.893804550170898,1
6.766637802124023,1
6.350995063781738,1
6.653033256530762,1
6.6789469718933105,1
6.881527900695801,1
6.647467613220215,1
6.668173789978027,1
6.570206642150879,1
6.608422756195068,1
6.567771911621094,1
6.916431427001953,1
6.437326908111572,1
6.465543746948242,1
6.790212154388428,1
6.701930999755859,1
6.924071311950684,1
6.949958801269531,1
6.956290245056152,1
6.3618669509887695,1
6.426313877105713,1
6.364247798919678,1
6.722451210021973,1
7.022910118103027,1
6.95420503616333,1
7.025816440582275,1
7.322682857513428,1
6.550313472747803,1
6.627684116363525,1
6.8061933517456055,1
6.9544854164123535,1
6.9766950607299805,1
6.687594413757324,1
6.993993759155273,1
6.4333415031433105,1
7.063315391540527,1
6.498464584350586,1
6.367469787597656,1
6.8891143798828125,1
6.621240139007568,1
6.671705722808838,1
6.829860687255859,1
6.6608734130859375,1
6.806017875671387,1
6.472399711608887,1
6.570597171783447,1
6.825271129608154,1
6.761120319366455,1
6.702662944793701,1
6.75459623336792,1
6.57587194442749,1
6.434410095214844,1
6.851280212402344,1
7.424924850463867,1
6.799456596374512,1
6.76107120513916,1
6.609994411468506,1
6.942151069641113,1
6.978374004364014,1
6.736946105957031,1
6.5913567543029785,1
7.01003885269165,1
6.743432998657227,1
6.839964389801025,1
6.786678314208984,1
6.876971244812012,1
7.12782096862793,1
6.406861305236816,1
7.352648735046387,1
6.824037075042725,1
6.638062477111816,1
6.314703941345215,1
6.827349662780762,1
6.771579742431641,1
7.254157543182373,1
6.656505107879639,1
6.634296417236328,1
7.173081874847412,1
6.888151168823242,1
6.9185872077941895,1
6.808254718780518,1
6.637502193450928,1
6.568290710449219,1
6.668929100036621,1
7.171075820922852,1
6.539804458618164,1
6.721068859100342,1
6.893708229064941,1
6.928512096405029,1
6.930410385131836,1
6.749821662902832,1
6.599588394165039,1
6.263494491577148,1
6.809096336364746,1
6.766737937927246,1
6.746723175048828,1
6.982236862182617,1
6.791088104248047,1
6.741194725036621,1
6.836601257324219,1
7.0313825607299805,1
6.233017921447754,1
6.527454376220703,1
6.744554042816162,1
6.629054546356201,1
6.668709754943848,1
6.458425521850586,1
6.721554756164551,1
6.606433391571045,1
6.616386890411377,1
6.643069744110107,1
6.724750518798828,1
7.038054943084717,1
7.029087066650391,1
6.9101104736328125,1
7.221560001373291,1
6.787559986114502,1
6.815549850463867,1
6.392393112182617,1
6.669687271118164,1
7.108933448791504,1
6.352858543395996,1
6.6814961433410645,1
6.88688850402832,1
6.704107284545898,1
6.4718732833862305,1
7.044806480407715,1
6.376675605773926,1
6.73033332824707,1
6.749823093414307,1
7.0310773849487305,1
6.395969390869141,1
6.726064205169678,1
6.486621856689453,1
6.731451034545898,1
6.694371700286865,1
6.822976112365723,1
7.095531463623047,1
6.951027870178223,1
6.5712175369262695,1
6.60056209564209,1
6.736020088195801,1
6.871922492980957,1
6.975516319274902,1
6.618895053863525,1
6.836154937744141,1
6.9184465408325195,1
7.024677276611328,1
6.6614484786987305,1
6.7467145919799805,1
6.437470436096191,1
6.837416648864746,1
6.7253031730651855,1
6.59197998046875,1
6.7739057540893555,1
7.441960334777832,1
6.559619903564453,1
6.749439239501953,1
6.676671981811523,1
6.5659685134887695,1
6.444528579711914,1
6.507491588592529,1
6.832625865936279,1
6.569856643676758,1
6.854991912841797,1
6.718437194824219,1
6.600482940673828,1
6.191892623901367,1
6.458217620849609,1
6.753185272216797,1
6.428561210632324,1
6.488877773284912,1
6.865038871765137,1
6.971030235290527,1
6.98771858215332,1
6.451894283294678,1
6.555992603302002,1
6.595130920410156,1
6.5219807624816895,1
6.844143390655518,1
6.757081031799316,1
6.64190673828125,1
6.888185501098633,1
7.129583358764648,1
6.936175346374512,1
6.551299095153809,1
6.597233772277832,1
6.590088844299316,1
6.812276840209961,1
6.446511268615723,1
6.5488433837890625,1
6.596257209777832,1
6.908601760864258,1
6.9548234939575195,1
6.780961513519287,1
6.596433639526367,1
6.603062152862549,1
6.792444229125977,1
7.076755523681641,1
6.905900478363037,1
6.515537261962891,1
6.429880142211914,1
6.70395565032959,1
6.339418888092041,1
6.475106239318848,1
6.793102741241455,1
6.872713088989258,1
6.692038536071777,1
6.613853454589844,1
6.639390468597412,1
6.7868781089782715,1
6.6332502365112305,1
6.903439521789551,1
6.680454254150391,1
6.388605117797852,1
6.630814075469971,1
6.82759952545166,1
6.983824729919434,1
6.293481826782227,1
6.808013916015625,1
6.590720176696777,1
6.589900493621826,1
7.180880546569824,1
6.834336280822754,1
6.7086687088012695,1
6.64723014831543,1
6.731749057769775,1
7.310978889465332,1
6.516276836395264,1
6.512785911560059,1
6.892727851867676,1
6.936104774475098,1
6.806763648986816,1
6.905088424682617,1
7.014031410217285,1
6.801229000091553,1
5.9626288414001465,1
6.778165340423584,1
7.091052055358887,1
6.751890182495117,1
6.641847133636475,1
6.892995834350586,1
6.781839370727539,1
6.626949310302734,1
6.806423187255859,1
6.429986000061035,1
6.735344409942627,1
6.761354923248291,1
6.530439853668213,1
6.483529090881348,1
6.39433479309082,1
6.966172218322754,1
6.546917915344238,1
6.506848335266113,1
6.725696563720703,1
6.704036712646484,1
6.997004985809326,1
6.30463981628418,1
6.316600799560547,1
6.616408348083496,1
6.720594882965088,1
6.635076999664307,1
6.730364799499512,1
6.649044036865234,1
6.699265003204346,1
6.763096809387207,1
6.668542861938477,1
6.603639602661133,1
6.8351335525512695,1
6.46109676361084,1
6.494878768920898,1
6.407961845397949,1
7.092529773712158,1
6.450316429138184,1
6.459966659545898,1
6.419620990753174,1
6.993351936340332,1
6.708625793457031,1
6.9803900718688965,1
6.170586109161377,1
6.506883144378662,1
6.690333366394043,1
6.792826175689697,1
6.612553596496582,1
6.725399494171143,1
6.885903835296631,1
6.478262424468994,1
6.576225757598877,1
6.52763557434082,1
6.906397342681885,1
6.692875862121582,1
6.708933353424072,1
6.735468864440918,1
6.6928391456604,1
6.716757774353027,1
6.566580295562744,1
6.882587909698486,1
6.546265602111816,1
6.5452165603637695,1
6.248532295227051,1
6.443318843841553,1
6.667662143707275,1
6.512096405029297,1
7.033012390136719,1
7.0829691886901855,1
6.622563362121582,1
6.495123863220215,1
6.77932596206665,1
6.6665825843811035,1
7.297646522521973,1
6.5297651290893555,1
6.655519485473633,1
6.973761081695557,1
6.866271018981934,1
6.739330291748047,1
6.649092197418213,1
6.4703569412231445,1
6.423765659332275,1
6.79640531539917,1
6.698905944824219,1
6.420238018035889,1
6.536176681518555,1
6.308014869689941,1
7.146102428436279,1
7.418222427368164,1
6.550458908081055,1
6.688595771789551,1
6.631004333496094,1
6.714857578277588,1
6.791353225708008,1
6.570337295532227,1
6.8802995681762695,1
6.562674522399902,1
6.933730125427246,1
7.195774078369141,1
6.32636833190918,1
6.400558948516846,1
6.421857833862305,1
6.1679301261901855,1
7.0103607177734375,1
6.878909111022949,1
6.474781036376953,1
6.782254219055176,1
7.101532936096191,1
6.843924045562744,1
6.416686534881592,1
6.142618179321289,1
6.97540807723999,1
6.845139980316162,1
6.72662878036499,1
6.7194037437438965,1
6.904690742492676,1
6.753749847412109,1
6.533843994140625,1
6.664344787597656,1
6.887686729431152,1
6.792611598968506,1
6.764188289642334,1
7.269831657409668,1
6.519308090209961,1
6.625844478607178,1
7.274713516235352,1
6.993655204772949,1
6.412907600402832,1
6.261523246765137,1
6.872469902038574,1
6.873266696929932,1
6.469860076904297,1
6.547135829925537,1
7.007312774658203,1
6.715755462646484,1
6.68721866607666,1
6.975857734680176,1
6.772870063781738,1
6.6934709548950195,1
7.093949794769287,1
6.462013244628906,1
6.697506427764893,1
6.821261405944824,1
6.648792743682861,1
7.152496814727783,1
6.887590408325195,1
6.674759387969971,1
6.893320083618164,1
6.435503959655762,1
6.754913330078125,1
6.499253749847412,1
6.836197376251221,1
6.9741010665893555,1
6.4313764572143555,1
6.946103096008301,1
6.560319423675537,1
6.605901718139648,1
6.940603256225586,1
6.782249450683594,1
6.8664870262146,1
6.433417797088623,1
6.883254528045654,1
6.645963668823242,1
6.92880392074585,1
6.7210693359375,1
6.88688850402832,1
6.732221603393555,1
6.820509910583496,1
6.645334720611572,1
6.827364921569824,1
6.521433353424072,1
6.693282127380371,1
6.4419779777526855,1
6.993756294250488,1
6.893326759338379,1
6.519769668579102,1
6.690677642822266,1
6.562687873840332,1
6.916584491729736,1
6.783487319946289,1
6.4954729080200195,1
6.787306785583496,1
6.5980424880981445,1
6.342032432556152,1
6.535459518432617,1
6.626648902893066,1
6.82818603515625,1
6.408561706542969,1
6.713748455047607,1
6.847339630126953,1
6.605945587158203,1
6.799483299255371,1
6.381643772125244,1
6.397228240966797,1
6.772149085998535,1
6.833601951599121,1
6.683870315551758,1
6.956647872924805,1
6.476611137390137,1
6.7603654861450195,1
6.540075778961182,1
6.61098575592041,1
6.630069732666016,1
6.750283718109131,1
6.334278106689453,1
6.622832298278809,1
6.429940223693848,1
6.466971397399902,1
6.510049819946289,1
6.452070236206055,1
6.78339958190918,1
6.729525089263916,1
6.8532514572143555,1
6.411948204040527,1
6.421375274658203,1
6.754042625427246,1
6.991187572479248,1
6.984166145324707,1
6.119105815887451,1
6.177849292755127,1
6.133090019226074,1
7.189700603485107,1
6.8057403564453125,1
6.554466724395752,1
6.5963826179504395,1
6.702722072601318,1
6.65858793258667,1
6.666252136230469,1
6.392512321472168,1
6.89777946472168,1
6.701147079467773,1
6.563116073608398,1
6.778409481048584,1
6.734148025512695,1
6.9772467613220215,1
7.178466796875,1
6.378497123718262,1
6.5349016189575195,1
6.542515754699707,1
6.482165336608887,1
7.32155179977417,1
6.778078556060791,1
6.644213676452637,1
6.570728302001953,1
6.44792366027832,1
6.259099960327148,1
6.809392929077148,1
6.620919227600098,1
6.758828163146973,1
6.619564056396484,1
6.6666412353515625,1
6.758634567260742,1
6.650140762329102,1
6.405648231506348,1
6.81387996673584,1
6.45358943939209,1
6.969733715057373,1
6.421828269958496,1
5.910878658294678,1
6.96799373626709,1
6.7736287117004395,1
6.49998664855957,1
6.5523271560668945,1
6.4851202964782715,1
6.501918792724609,1
6.500692367553711,1
6.6543097496032715,1
6.460789680480957,1
6.744395732879639,1
7.434964179992676,1
6.540191173553467,1
6.962108612060547,1
6.8650712966918945,1
7.287182331085205,1
6.581763744354248,1
6.205045700073242,1
6.656172275543213,1
6.809296607971191,1
6.512263298034668,1
6.787813663482666,1
6.914368629455566,1
6.387201309204102,1
6.387377738952637,1
6.860897064208984,1
6.192226409912109,1
6.45840311050415,1
7.145639419555664,1
6.794066429138184,1
6.513092517852783,1
6.443390846252441,1
6.178389549255371,1
7.005650043487549,1
6.6893181800842285,1
6.617042541503906,1
6.922425270080566,1
6.591698169708252,1
6.64022159576416,1
6.723440170288086,1
6.59052038192749,1
6.541720390319824,1
6.670499801635742,1
6.925796985626221,1
6.840883255004883,1
7.2887773513793945,1
6.664498329162598,1
6.590936660766602,1
6.719353199005127,1
6.548354625701904,1
6.718606948852539,1
6.775428771972656,1
6.575729846954346,1
6.82652473449707,1
6.785451889038086,1
6.827760696411133,1
7.182088375091553,1
6.048974990844727,1
6.599977970123291,1
6.61616849899292,1
6.514756202697754,1
6.778616905212402,1
7.175785064697266,1
7.07869815826416,1
6.994144916534424,1
6.687519550323486,1
6.8637189865112305,1
6.635382652282715,1
6.710662364959717,1
6.473116874694824,1
6.200595855712891,1
6.6513190269470215,1
6.479737281799316,1
6.8527326583862305,1
6.4194512367248535,1
6.450066566467285,1
6.416713237762451,1
6.920423984527588,1
6.1670074462890625,1
6.9499053955078125,1
6.794585227966309,1
6.36019229888916,1
6.8549981117248535,1
6.669777870178223,1
6.818044185638428,1
6.616855621337891,1
6.989819526672363,1
6.366762161254883,1
6.513757705688477,1
6.839223861694336,1
6.400375843048096,1
6.7030744552612305,1
6.231828689575195,1
6.819639682769775,1
6.187948226928711,1
6.852828025817871,1
6.699860572814941,1
6.723498821258545,1
6.952019691467285,1
6.828965187072754,1
6.757840156555176,1
6.25230073928833,1
6.61912727355957,1
6.994016647338867,1
7.411840438842773,1
6.69174861907959,1
6.43964958190918,1
6.1808576583862305,1
6.5036444664001465,1
6.722582817077637,1
6.608822822570801,1
6.286605358123779,1
6.636415481567383,1
6.66176176071167,1
6.383861541748047,1
6.531458377838135,1
6.438137531280518,1
6.777849197387695,1
6.455094337463379,1
6.499146938323975,1
6.453343391418457,1
7.148268699645996,1
6.52213716506958,1
6.664072036743164,1
6.47183895111084,1
6.589873790740967,1
6.2146382331848145,1
6.447868347167969,1
6.883872985839844,1
6.335783004760742,1
6.782558917999268,1
6.2217631340026855,1
6.40980863571167,1
6.7223711013793945,1
6.687918663024902,1
6.641742706298828,1
6.082154273986816,1
6.196264743804932,1
6.2946367263793945,1
6.500158786773682,1
7.0986480712890625,1
6.65498161315918,1
6.526753902435303,1
6.677002906799316,1
6.689950942993164,1
6.533867835998535,1
6.568901538848877,1
6.905760765075684,1
6.945630073547363,1
6.658166408538818,1
6.559337615966797,1
6.417555809020996,1
6.865951061248779,1
6.772597789764404,1
6.539556503295898,1
6.394268989562988,1
6.737469673156738,1
6.517209529876709,1
6.784811496734619,1
6.590817451477051,1
6.1740498542785645,1
6.802821159362793,1
6.28603982925415,1
6.862870693206787,1
7.548243522644043,1
6.288045883178711,1
6.3858489990234375,1
6.996703624725342,1
6.726157188415527,1
6.496800899505615,1
6.82697868347168,1
6.512480735778809,1
7.500857830047607,1
7.377842903137207,1
6.887895584106445,1
7.14717435836792,1
6.996986389160156,1
6.581223964691162,1
6.678068161010742,1
6.444602966308594,1
6.6076202392578125,1
6.8662919998168945,1
6.257059574127197,1
6.700060844421387,1
6.218988418579102,1
7.052875518798828,1
6.824716567993164,1
6.616132736206055,1
6.710433006286621,1
6.733926773071289,1
6.661296367645264,1
6.5715813636779785,1
6.622030258178711,1
6.80949592590332,1
6.663922309875488,1
6.851813793182373,1
6.583226203918457,1
6.198245048522949,1
6.631324768066406,1
6.3886895179748535,1
6.4615373611450195,1
7.205898284912109,1
6.429568290710449,1
6.903125286102295,1
6.3849358558654785,1
6.531756401062012,1
6.7209062576293945,1
6.425148010253906,1
6.132565975189209,1
6.328553676605225,1
6.779358863830566,1
6.255816459655762,1
6.458368301391602,1
6.465424537658691,1
6.082230567932129,1
7.069139003753662,1
6.548434257507324,1
6.706148624420166,1
6.897823333740234,1
7.022004127502441,1
6.711328983306885,1
6.629324913024902,1
6.893227577209473,1
7.18765115737915,1
6.760626792907715,1
6.8115315437316895,1
6.653554439544678,1
7.056272506713867,1
7.048019886016846,1
6.117987155914307,1
6.581658363342285,1
6.251323699951172,1
6.9361572265625,1
6.54974889755249,1
6.8904619216918945,1
7.007575035095215,1
6.992844581604004,1
6.683038711547852,1
6.705772399902344,1
6.842597007751465,1
6.785257816314697,1
6.840121269226074,1
6.509355545043945,1
6.339030742645264,1
6.606557846069336,1
6.639728546142578,1
7.081104755401611,1
6.62719202041626,1
7.05769681930542,1
7.224129676818848,1
6.658602714538574,1
6.645415782928467,1
6.430600643157959,1
6.50784969329834,1
6.567028999328613,1
6.5151495933532715,1
7.04358434677124,1
6.528254985809326,1
6.549156188964844,1
6.99581241607666,1
6.98132848739624,1
6.664061069488525,1
6.670226097106934,1
6.486274719238281,1
6.743886947631836,1
6.315710067749023,1
6.890085697174072,1
6.425432205200195,1
6.350752830505371,1
7.0562591552734375,1
6.319636344909668,1
6.815042972564697,1
6.641827583312988,1
6.83123779296875,1
6.740271091461182,1
6.985062599182129,1
6.81036901473999,1
6.744553089141846,1
7.008147239685059,1
6.222754955291748,1
6.731428146362305,1
6.563404083251953,1
6.861685752868652,1
6.241338729858398,1
6.8546600341796875,1
6.802366256713867,1
6.281369686126709,1
6.532896041870117,1
6.587802886962891,1
6.39450740814209,1
6.372249126434326,1
6.569267749786377,1
6.785748481750488,1
6.604376792907715,1
6.768158912658691,1
6.890549659729004,1
7.034294128417969,1
7.141079902648926,1
6.629432201385498,1
6.857705116271973,1
6.7423810958862305,1
6.8448076248168945,1
6.746620178222656,1
6.447187423706055,1
6.8393402099609375,1
6.752378940582275,1
6.048900604248047,1
6.901220798492432,1
6.800322532653809,1
6.64400577545166,1
6.572670936584473,1
6.6712799072265625,1
6.785913467407227,1
6.716856002807617,1
6.982918739318848,1
7.32391357421875,1
6.723647594451904,1
6.891246795654297,1
6.603639125823975,1
6.326149940490723,1
7.1327667236328125,1
6.603407859802246,1
6.8861284255981445,1
7.13084602355957,1
6.372849464416504,1
6.869936943054199,1
6.844531059265137,1
6.66916561126709,1
6.715778827667236,1
6.755139350891113,1
6.455989837646484,1
6.556870460510254,1
6.705688953399658,1
6.320412635803223,1
6.281729698181152,1
6.588489532470703,1
6.375504493713379,1
6.483557224273682,1
6.569756507873535,1
6.565227508544922,1
6.537900924682617,1
6.431573867797852,1
6.728126049041748,1
6.480968475341797,1
6.859673976898193,1
6.913939476013184,1
6.46488094329834,1
6.2491326332092285,1
6.73569917678833,1
6.483362674713135,1
6.823022365570068,1
6.500949859619141,1
7.083440780639648,1
6.485355377197266,1
6.5442376136779785,1
6.855595111846924,1
6.613277435302734,1
6.4897356033325195,1
7.147359371185303,1
7.639718055725098,1
6.741560459136963,1
6.026747226715088,1
6.395484924316406,1
6.758504390716553,1
6.469634056091309,1
6.780503273010254,1
6.667473793029785,1
6.489798545837402,1
6.908816337585449,1
6.620673179626465,1
6.6903791427612305,1
6.6008710861206055,1
6.968914031982422,1
6.192110061645508,1
6.348090171813965,1
6.724776744842529,1
6.634120941162109,1
6.800632476806641,1
6.543700218200684,1
6.752231597900391,1
6.142665863037109,1
6.988795280456543,1
6.556048393249512,1
6.729356288909912,1
7.2463836669921875,1
6.671347618103027,1
6.779332160949707,1
6.387210369110107,1
6.714332580566406,1
6.640185356140137,1
6.1448845863342285,1
6.364762306213379,1
6.558495044708252,1
6.7989912033081055,1
6.383601188659668,1
6.907632827758789,1
6.63697624206543,1
6.636072158813477,1
6.346648216247559,1
6.511867523193359,1
6.255985260009766,1
6.148158550262451,1
6.264674186706543,1
6.983420372009277,1
6.888456344604492,1
6.640578269958496,1
6.7710981369018555,1
6.546761989593506,1
6.753751277923584,1
6.3886566162109375,1
7.278946399688721,1
6.731016159057617,1
6.624800205230713,1
6.291334629058838,1
6.420437812805176,1
6.695776462554932,1
6.425912857055664,1
6.5831780433654785,1
7.348995208740234,1
6.752943515777588,1
6.533682823181152,1
6.571803092956543,1
6.525214672088623,1
6.752018928527832,1
6.3008270263671875,1
6.425431728363037,1
6.724462985992432,1
6.542364120483398,1
6.908536434173584,1
6.587613105773926,1
6.624179363250732,1
7.0820112228393555,1
6.5199666023254395,1
6.707184314727783,1
6.804632186889648,1
6.766743183135986,1
6.512296676635742,1
6.730525970458984,1
6.818567276000977,1
6.670228958129883,1
6.903077125549316,1
7.132838249206543,1
6.901439189910889,1
6.491080284118652,1
6.6645989418029785,1
6.680002689361572,1
6.265346050262451,1
7.034246444702148,1
6.531703948974609,1
6.970364570617676,1
6.874759197235107,1
6.396643161773682,1
6.680190086364746,1
6.423394203186035,1
6.4689226150512695,1
6.763495445251465,1
6.671731472015381,1
6.634128570556641,1
6.616333484649658,1
6.418383598327637,1
6.407357692718506,1
6.459500789642334,1
6.919261932373047,1
6.198568344116211,1
6.987602710723877,1
6.769174575805664,1
6.321213722229004,1
6.753539085388184,1
6.3663787841796875,1
6.973866939544678,1
6.799647331237793,1
6.421266555786133,1
7.1404924392700195,1
6.563424110412598,1
6.966387748718262,1
7.321638107299805,1
6.5127410888671875,1
6.69835090637207,1
6.282956123352051,1
6.663625240325928,1
6.707942008972168,1
6.7142744064331055,1
6.674849987030029,1
6.526254653930664,1
6.849194526672363,1
6.143407821655273,1
6.6915130615234375,1
6.932869911193848,1
6.423498630523682,1
6.707845211029053,1
6.51972770690918,1
6.552432537078857,1
6.5575361251831055,1
6.871890068054199,1
6.562317848205566,1
6.506336212158203,1
6.367873191833496,1
6.8856096267700195,1
6.720806121826172,1
6.622989177703857,1
6.873995304107666,1
6.279214859008789,1
6.236526966094971,1
6.923887252807617,1
6.786917686462402,1
7.116790771484375,1
6.457618713378906,1
6.644000053405762,1
6.825899600982666,1
6.783594131469727,1
6.537238597869873,1
6.6049485206604,1
6.52954626083374,1
6.798951148986816,1
6.938469409942627,1
6.712980270385742,1
7.070781707763672,1
6.497219085693359,1
6.70919942855835,1
6.216872215270996,1
6.640944004058838,1
7.051222801208496,1
6.609211444854736,1
6.924266815185547,1
6.652934551239014,1
7.016178131103516,1
5.927562713623047,1
6.985151767730713,1
6.92490291595459,1
6.074640274047852,1
6.636962890625,1
6.877165794372559,1
6.598483085632324,1
6.820769309997559,1
6.395168781280518,1
6.759685516357422,1
6.23194694519043,1
6.770082950592041,1
6.13472318649292,1
6.813287734985352,1
6.37249231338501,1
6.537156105041504,1
6.552773475646973,1
6.835325717926025,1
6.8487677574157715,1
6.453490257263184,1
6.682251930236816,1
6.479308605194092,1
6.243866920471191,1
6.896084308624268,1
6.615835189819336,1
6.760578632354736,1
6.385369300842285,1
6.544683456420898,1
6.390736103057861,1
6.706361293792725,1
6.653609275817871,1
6.1255998611450195,1
6.516674041748047,1
6.411806106567383,1
6.92671012878418,1
6.384764671325684,1
6.435467720031738,1
6.248586177825928,1
7.046093940734863,1
6.607019424438477,1
6.209168910980225,1
7.089456558227539,1
6.178330421447754,1
6.82819938659668,1
6.405450820922852,1
6.944421768188477,1
6.868444919586182,1
6.768479347229004,1
6.796984672546387,1
6.694151878356934,1
6.878028869628906,1
6.555759429931641,1
6.314491271972656,1
6.971039772033691,1
6.862888336181641,1
6.571308612823486,1
6.542859077453613,1
7.064306735992432,1
7.112339973449707,1
7.102789878845215,1
6.794862747192383,1
6.387261390686035,1
6.702529430389404,1
7.349768161773682,1
6.499840259552002,1
6.640041351318359,1
6.18017578125,1
6.259680271148682,1
6.572011470794678,1
6.548306941986084,1
6.506185531616211,1
6.7516679763793945,1
6.718798637390137,1
6.629278182983398,1
6.444904327392578,1
6.454039573669434,1
6.691305160522461,1
7.272055625915527,1
6.653186321258545,1
6.901628017425537,1
6.652525424957275,1
6.543312072753906,1
7.152938365936279,1
6.733206748962402,1
6.610798358917236,1
6.576839447021484,1
6.713860034942627,1
6.496726989746094,1
6.728601455688477,1
6.908257484436035,1
6.829878807067871,1
6.839936256408691,1
6.668333053588867,1
6.70484733581543,1
6.465176582336426,1
6.491210460662842,1
6.783374786376953,1
6.477783203125,1
6.7528252601623535,1
6.636990070343018,1
6.750384330749512,1
6.89833927154541,1
6.774457931518555,1
6.683462142944336,1
6.720141410827637,1
6.4554243087768555,1
6.302679061889648,1
6.69408655166626,1
6.294229030609131,1
7.210968494415283,1
6.9432172775268555,1
6.443031311035156,1
6.567710876464844,1
7.473850727081299,1
7.122737884521484,1
6.504153251647949,1
6.665745735168457,1
6.397714614868164,1
6.547394752502441,1
6.823846817016602,1
6.998690605163574,1
6.688197612762451,1
6.791985988616943,1
6.692742824554443,1
6.608720302581787,1
6.628798007965088,1
6.407041549682617,1
6.3218255043029785,1
6.423678398132324,1
7.087553024291992,1
6.370737075805664,1
7.200604438781738,1
6.887264251708984,1
6.910035133361816,1
6.7522172927856445,1
6.9868083000183105,1
6.67704963684082,1
6.924525260925293,1
6.443855285644531,1
6.409651279449463,1
6.495026588439941,1
6.728846549987793,1
6.679756164550781,1
6.528671741485596,1
6.5202531814575195,1
6.565634727478027,1
6.8831586837768555,1
6.692387104034424,1
6.605751991271973,1
6.920173645019531,1
6.702655792236328,1
7.363353729248047,1
6.747622013092041,1
6.166153907775879,1
7.10111141204834,1
6.865731239318848,1
6.7435102462768555,1
6.503296375274658,1
6.440561294555664,1
6.681049346923828,1
6.890613555908203,1
6.834466934204102,1
6.434756278991699,1
6.659167289733887,1
6.779837608337402,1
7.0874528884887695,1
6.516395568847656,1
6.707122802734375,1
6.561460494995117,1
6.5495100021362305,1
6.664741516113281,1
6.622902870178223,1
6.581306457519531,1
6.81566858291626,1
6.693322658538818,1
6.3795013427734375,1
6.543135643005371,1
6.760878086090088,1
6.375787734985352,1
6.686488628387451,1
6.195854663848877,1
6.347632884979248,1
7.046625137329102,1
6.741507053375244,1
6.06294059753418,1
6.384228706359863,1
6.827434539794922,1
6.676948547363281,1
6.877521514892578,1
6.620422840118408,1
6.430202484130859,1
6.781728744506836,1
6.800589561462402,1
6.814601898193359,1
6.5958638191223145,1
6.979714393615723,1
6.36808443069458,1
6.411715507507324,1
6.387346267700195,1
6.408516883850098,1
6.972908020019531,1
6.5404558181762695,1
6.679262161254883,1
6.291285514831543,1
6.630275249481201,1
6.233600616455078,1
6.865235805511475,1
6.405473709106445,1
6.762721538543701,1
6.76228666305542,1
6.367992401123047,1
6.779977798461914,1
6.395574569702148,1
6.238091945648193,1
6.22508430480957,1
6.938170433044434,1
6.289560317993164,1
6.590031623840332,1
6.922389030456543,1
6.95749044418335,1
6.387397766113281,1
7.069442272186279,1
6.875625133514404,1
6.965662002563477,1
6.301624298095703,1
6.127921104431152,1
6.142756462097168,1
6.699599266052246,1
6.469880104064941,1
6.691169738769531,1
6.635711193084717,1
6.656064033508301,1
6.556918621063232,1
6.870264053344727,1
6.677844047546387,1
6.939092636108398,1
6.21823263168335,1
6.030725479125977,1
6.658025741577148,1
6.274416923522949,1
6.5319366455078125,1
6.91629695892334,1
6.882615089416504,1
6.602128028869629,1
6.96797513961792,1
6.4979729652404785,1
6.75348424911499,1
6.353182315826416,1
6.551373481750488,1
6.580214500427246,1
7.050544261932373,1
6.573627471923828,1
6.364572525024414,1
6.49048376083374,1
6.788412094116211,1
6.86949348449707,1
6.6300153732299805,1
6.267219543457031,1
6.630098342895508,1
7.116164207458496,1
6.480435371398926,1
6.821629524230957,1
6.638260364532471,1
6.650075912475586,1
6.187067985534668,1
7.366215705871582,1
6.3709845542907715,1
6.8557610511779785,1
6.252748489379883,1
6.657754421234131,1
6.8058600425720215,1
6.232119560241699,1
6.5867180824279785,1
7.146310329437256,1
7.41183614730835,1
6.6165385246276855,1
6.662417411804199,1
6.372951507568359,1
7.003689765930176,1
6.612545013427734,1
6.48377799987793,1
7.226947784423828,1
6.548191547393799,1
6.853076934814453,1
6.503186225891113,1
6.6827569007873535,1
7.096482276916504,1
6.853862762451172,1
6.576382637023926,1
6.57551908493042,1
6.749414443969727,1
6.996927738189697,1
6.569260120391846,1
6.535785675048828,1
6.354464054107666,1
6.524532318115234,1
6.66478157043457,1
6.518644332885742,1
6.969837188720703,1
6.402797698974609,1
6.377911567687988,1
6.909599781036377,1
7.278290748596191,1
6.889323711395264,1
6.494736671447754,1
6.997740745544434,1
6.516971111297607,1
7.047640323638916,1
6.540916442871094,1
6.815646171569824,1
6.703290939331055,1
6.503166675567627,1
6.6926469802856445,1
6.468838691711426,1
6.365729808807373,1
6.663905143737793,1
7.324481010437012,1
6.068726539611816,1
6.651659965515137,1
6.73325252532959,1
6.483126163482666,1
6.4894633293151855,1
6.810548782348633,1
6.465826988220215,1
6.589112281799316,1
6.642505168914795,1
6.561482906341553,1
6.692117214202881,1
6.645952224731445,1
6.625923156738281,1
6.671905517578125,1
6.93831205368042,1
6.6296234130859375,1
6.828415393829346,1
6.671024799346924,1
6.456780433654785,1
6.496466636657715,1
6.304594039916992,1
6.375068664550781,1
6.986883163452148,1
7.0339555740356445,1
6.293415546417236,1
6.925134658813477,1
6.837345123291016,1
6.677700519561768,1
6.433940887451172,1
6.80390739440918,1
6.684716701507568,1
6.940445899963379,1
6.354183197021484,1
6.304677963256836,1
6.402583122253418,1
7.2256083488464355,1
6.56339168548584,1
6.771213054656982,1
6.4918365478515625,1
6.4604411125183105,1
6.765861511230469,1
6.544944763183594,1
6.722402095794678,1
6.653964996337891,1
6.263740539550781,1
6.425724983215332,1
6.573671817779541,1
6.843257904052734,1
6.694701194763184,1
6.888602256774902,1
6.23748779296875,1
6.807653427124023,1
6.235656261444092,1
6.589253902435303,1
6.784779071807861,1
6.604222297668457,1
6.153698921203613,1
6.407634258270264,1
7.054507732391357,1
5.999627113342285,1
6.718874931335449,1
6.311906814575195,1
6.917815208435059,1
6.639740943908691,1
6.7838850021362305,1
6.694787979125977,1
6.5976481437683105,1
6.746545791625977,1
6.170452117919922,1
6.6568193435668945,1
6.343992233276367,1
6.519623279571533,1
6.449542045593262,1
6.305769920349121,1
6.593636512756348,1
6.331151008605957,1
6.653650760650635,1
6.522586822509766,1
6.908337116241455,1
6.253122329711914,1
6.464389801025391,1
7.357537746429443,1
6.8385396003723145,1
6.796089172363281,1
6.570345401763916,1
6.783639907836914,1
6.431847095489502,1
6.5995917320251465,1
6.2661919593811035,1
6.61619758605957,1
6.290243148803711,1
6.448078632354736,1
6.589317321777344,1
6.8051605224609375,1
6.755895614624023,1
6.451178073883057,1
6.788824081420898,1
6.59876823425293,1
6.920768737792969,1
6.594193935394287,1
6.493192672729492,1
6.509432315826416,1
6.1868896484375,1
6.68995475769043,1
6.478515625,1
6.403468132019043,1
6.109195232391357,1
6.778383255004883,1
6.348315238952637,1
6.557276725769043,1
6.282446384429932,1
6.753783226013184,1
6.500767230987549,1
6.753925323486328,1
6.971956729888916,1
6.8956522941589355,1
6.883069038391113,1
6.760161399841309,1
6.411108016967773,1
6.858596324920654,1
6.382437705993652,1
6.414211750030518,1
6.969343662261963,1
6.688647270202637,1
6.842799186706543,1
7.183379650115967,1
6.641558647155762,1
6.6795244216918945,1
6.3045244216918945,1
7.079570770263672,1
6.632573127746582,1
6.852795124053955,1
6.372470855712891,1
6.280669212341309,1
6.837081432342529,1
6.823814392089844,1
6.6373209953308105,1
6.3838677406311035,1
6.732885360717773,1
6.375533103942871,1
6.552890777587891,1
6.931384086608887,1
6.622326850891113,1
6.49300479888916,1
6.688637733459473,1
6.630796432495117,1
6.412254333496094,1
6.621196746826172,1
6.625504493713379,1
6.6294755935668945,1
6.768506050109863,1
6.696825981140137,1
6.142623424530029,1
6.464046001434326,1
6.548134803771973,1
5.938406944274902,1
6.581398010253906,1
6.244709491729736,1
6.924391269683838,1
6.900881767272949,1
7.023867607116699,1
6.885616779327393,1
6.376672267913818,1
7.332920074462891,1
7.233123779296875,1
7.240194797515869,1
6.308644771575928,1
6.7280049324035645,1
6.416601181030273,1
6.573035717010498,1
6.2565765380859375,1
6.555390357971191,1
6.9304351806640625,1
6.733128547668457,1
6.823892593383789,1
6.967944622039795,1
6.236306190490723,1
6.597556114196777,1
6.913375377655029,1
6.838207721710205,1
6.634477615356445,1
6.553792953491211,1
6.4582366943359375,1
6.357732772827148,1
6.727285385131836,1
6.6313958168029785,1
6.386879920959473,1
6.341538906097412,1
6.583025932312012,1
6.313785552978516,1
6.170413970947266,1
6.560056686401367,1
6.592051029205322,1
6.016877174377441,1
6.584988594055176,1
6.07158088684082,1
6.75172233581543,1
6.5403947830200195,1
6.616997718811035,1
6.847664833068848,1
6.9302978515625,1
6.741883277893066,1
6.5469069480896,1
7.048074245452881,1
6.8478498458862305,1
6.730345726013184,1
6.935305595397949,1
6.175716400146484,1
6.33580207824707,1
6.666077136993408,1
6.466144561767578,1
6.591419696807861,1
6.800616264343262,1
6.542654991149902,1
6.507625102996826,1
6.782497406005859,1
6.2422709465026855,1
6.408323287963867,1
6.6292901039123535,1
6.596297264099121,1
7.308671474456787,1
6.326353549957275,1
6.477926254272461,1
6.748190402984619,1
6.853024959564209,1
6.481046676635742,1
6.797739028930664,1
6.38953971862793,1
7.017328262329102,1
6.450798988342285,1
6.6361284255981445,1
6.255294322967529,1
6.558169841766357,1
6.815664291381836,1
6.48049259185791,1
6.4286980628967285,1
6.172585964202881,1
6.574926376342773,1
6.524241924285889,1
7.01614236831665,1
6.216436862945557,1
7.088363170623779,1
6.506651878356934,1
6.37172269821167,1
7.038535118103027,1
6.256697654724121,1
7.2458906173706055,1
6.52949333190918,1
5.779888153076172,1
6.330694675445557,1
6.4793381690979,1
6.763670444488525,1
6.765660285949707,1
6.6217732429504395,1
6.491559982299805,1
6.166586875915527,1
6.6094512939453125,1
6.693821430206299,1
6.337308406829834,1
6.609651565551758,1
6.740191459655762,1
6.547471046447754,1
6.483278274536133,1
6.410320281982422,1
6.716237545013428,1
6.365455150604248,1
6.250129699707031,1
6.81435489654541,1
6.387845993041992,1
6.580288410186768,1
6.669957637786865,1
6.567878246307373,1
7.306067943572998,1
6.995467185974121,1
7.320118427276611,1
7.165132522583008,1
6.693563938140869,1
6.724435806274414,1
6.433030128479004,1
6.458789825439453,1
6.919493198394775,1
6.5859174728393555,1
6.324131965637207,1
6.851930618286133,1
6.143815994262695,1
6.45236873626709,1
6.415657997131348,1
6.8945536613464355,1
6.817401885986328,1
6.2172393798828125,1
6.452298164367676,1
7.221662521362305,1
6.9761762619018555,1
6.264840602874756,1
6.720731258392334,1
6.417426109313965,1
6.565273761749268,1
6.748369216918945,1
6.666989803314209,1
6.922015190124512,1
6.548055648803711,1
6.359495162963867,1
6.443401336669922,1
6.527041435241699,1
6.872720241546631,1
6.660473823547363,1
6.368411064147949,1
6.681436538696289,1
6.551137924194336,1
6.657148361206055,1
7.170705795288086,1
5.82121467590332,1
6.708767890930176,1
7.44367790222168,1
6.270868301391602,1
6.4172682762146,1
6.5451130867004395,1
6.857375621795654,1
6.781647682189941,1
6.446756362915039,1
6.688342571258545,1
6.3515625,1
6.3360772132873535,1
6.34515905380249,1
6.721920967102051,1
6.654114723205566,1
6.406975746154785,1
6.635715961456299,1
6.426880836486816,1
6.514277458190918,1
6.578584671020508,1
6.311499118804932,1
6.099483489990234,1
6.661341667175293,1
6.536719799041748,1
6.749617576599121,1
7.062954902648926,1
6.614638328552246,1
6.883862495422363,1
6.37637996673584,1
6.775917053222656,1
6.658473014831543,1
6.970851898193359,1
6.285195350646973,1
6.490046977996826,1
6.889026641845703,1
6.539033889770508,1
6.777005672454834,1
5.904428482055664,1
6.235265254974365,1
6.406330108642578,1
6.5811991691589355,1
6.684308052062988,1
6.2750444412231445,1
7.086648941040039,1
6.584792137145996,1
6.73253059387207,1
6.88594913482666,1
6.925013542175293,1
5.929656028747559,1
6.363327980041504,1
6.2942304611206055,1
6.590200424194336,1
6.6176300048828125,1
6.43733549118042,1
6.499597549438477,1
6.790801048278809,1
6.676085472106934,1
6.910783767700195,1
6.018002510070801,1
6.8187713623046875,1
6.706656455993652,1
6.801222801208496,1
6.703355312347412,1
6.392085552215576,1
6.572399139404297,1
6.522889137268066,1
6.947396278381348,1
6.545292854309082,1
6.687349319458008,1
7.071363925933838,1
7.0015974044799805,1
6.196776866912842,1
6.820518493652344,1
6.953593730926514,1
7.21562385559082,1
6.2583112716674805,1
6.882200241088867,1
6.192546844482422,1
6.778535842895508,1
6.280083179473877,1
6.131979465484619,1
6.67253303527832,1
5.674162864685059,1
6.08619499206543,1
6.511778831481934,1
6.394352436065674,1
6.300541400909424,1
6.785517692565918,1
6.742781639099121,1
6.937896728515625,1
6.056790828704834,1
6.341402053833008,1
6.413769721984863,1
6.326926231384277,1
6.893987655639648,1
6.626752853393555,1
6.466737270355225,1
6.174740791320801,1
6.364538192749023,1
6.470865249633789,1
6.702086925506592,1
6.802443504333496,1
6.8726959228515625,1
6.8621063232421875,1
6.325371742248535,1
6.951308250427246,1
6.508931636810303,1
6.332703590393066,1
6.651578903198242,1
6.542483329772949,1
6.664498805999756,1
6.319240093231201,1
6.955572128295898,1
6.234869003295898,1
6.726799964904785,1
6.501887321472168,1
6.4401702880859375,1
7.035974979400635,1
6.519651412963867,1
6.850530624389648,1
6.5343732833862305,1
6.766312122344971,1
5.965630054473877,1
6.557822227478027,1
6.795114040374756,1
6.589710235595703,1
6.762432098388672,1
6.486998081207275,1
6.818995952606201,1
6.798394203186035,1
6.289864540100098,1
6.613468647003174,1
6.687496185302734,1
6.478833198547363,1
7.33750057220459,1
6.9706854820251465,1
6.521426677703857,1
6.879110336303711,1
6.965207099914551,1
6.934739112854004,1
6.187667369842529,1
6.31284761428833,1
6.204440116882324,1
6.759145259857178,1
6.418654918670654,1
6.30599308013916,1
6.565998077392578,1
6.74863338470459,1
6.434488773345947,1
6.413843154907227,1
6.943449974060059,1
6.517484664916992,1
6.572342872619629,1
6.7031660079956055,1
6.735963821411133,1
6.644536018371582,1
6.397225856781006,1
6.900752067565918,1
6.362542152404785,1
6.711033821105957,1
6.718528747558594,1
6.067252159118652,1
6.8332977294921875,1
6.825013160705566,1
7.110694408416748,1
6.725508689880371,1
6.539245128631592,1
6.571859359741211,1
6.324136257171631,1
6.614471912384033,1
7.055257320404053,1
6.9834747314453125,1
6.687335968017578,1
6.499031066894531,1
7.035390853881836,1
6.175166606903076,1
7.027776718139648,1
6.8711137771606445,1
6.663205623626709,1
6.87626838684082,1
6.436894416809082,1
6.428454399108887,1
6.856269836425781,1
6.789160251617432,1
6.759812831878662,1
6.344189643859863,1
6.705233573913574,1
6.3611650466918945,1
6.440823078155518,1
6.681522369384766,1
6.440429210662842,1
6.733345985412598,1
6.303338527679443,1
6.4299726486206055,1
6.4853010177612305,1
6.585437774658203,1
6.924539089202881,1
6.122701644897461,1
6.580745697021484,1
6.97892951965332,1
5.889135360717773,1
6.580137252807617,1
6.510789394378662,1
6.780040740966797,1
6.875211715698242,1
6.431077003479004,1
6.574504852294922,1
7.123770236968994,1
6.899442195892334,1
6.6239013671875,1
6.144410133361816,1
6.817090034484863,1
6.918525218963623,1
7.223529815673828,1
6.756784439086914,1
6.494036674499512,1
6.432684898376465,1
7.022861480712891,1
6.632980823516846,1
6.975079536437988,1
6.382339954376221,1
5.946722030639648,1
6.563126564025879,1
6.766030311584473,1
6.820801734924316,1
6.779695510864258,1
6.475764274597168,1
7.056075096130371,1
7.08974027633667,1
6.344754695892334,1
6.677334785461426,1
6.790048599243164,1
6.345297336578369,1
6.920186519622803,1
6.161572456359863,1
6.523924350738525,1
6.5441789627075195,1
6.569338321685791,1
6.429540634155273,1
6.682183265686035,1
6.473910331726074,1
6.296135902404785,1
6.545334339141846,1
6.974956512451172,1
6.645962238311768,1
6.858383655548096,1
6.658036231994629,1
6.883363723754883,1
6.322653770446777,1
6.6046624183654785,1
6.68073844909668,1
6.895025253295898,1
7.056142807006836,1
6.533838272094727,1
6.327520370483398,1
6.98501443862915,1
6.632465839385986,1
6.3665876388549805,1
6.639921188354492,1
7.1585798263549805,1
6.931909561157227,1
6.0572638511657715,1
6.784939289093018,1
6.6400146484375,1
6.864497184753418,1
6.769095420837402,1
6.3064284324646,1
6.865787029266357,1
7.101695537567139,1
6.986912250518799,1
6.825496673583984,1
6.582353591918945,1
7.0530686378479,1
6.406512260437012,1
6.614269256591797,1
6.440691947937012,1
6.531457424163818,1
6.074708938598633,1
6.534758567810059,1
6.942326545715332,1
6.351136684417725,1
6.559567451477051,1
6.7064208984375,1
6.6866865158081055,1
6.792025089263916,1
6.7074995040893555,1
6.639068126678467,1
6.536262512207031,1
6.6353912353515625,1
6.093430042266846,1
6.565940856933594,1
7.265880584716797,1
6.538629531860352,1
6.721957683563232,1
6.900702953338623,1
6.450474739074707,1
6.642227649688721,1
6.303232192993164,1
7.109257698059082,1
6.826277256011963,1
6.554868698120117,1
6.590197563171387,1
6.014918804168701,1
6.780123710632324,1
6.520314693450928,1
6.404908180236816,1
6.939631462097168,1
6.781184196472168,1
6.389240264892578,1
6.193282127380371,1
6.3623270988464355,1
6.530332565307617,1
6.686995506286621,1
6.307607650756836,1
6.323945999145508,1
5.619538307189941,1
6.606077671051025,1
6.280657768249512,1
6.505326271057129,1
6.797719478607178,1
6.358911514282227,1
6.606144428253174,1
6.966733932495117,1
6.7781476974487305,1
6.461544990539551,1
7.377617835998535,1
6.47441291809082,1
6.236728668212891,1
6.659028053283691,1
6.789055824279785,1
7.062772750854492,1
6.423489570617676,1
6.155153274536133,1
6.735581398010254,1
6.488064765930176,1
6.387868881225586,1
6.115524768829346,1
6.7133636474609375,1
6.59305477142334,1
6.962087631225586,1
7.085272789001465,1
6.786250114440918,1
6.553919792175293,1
6.538234710693359,1
6.953489780426025,1
6.955002784729004,1
6.997021675109863,1
6.387505531311035,1
6.705728054046631,1
6.618096828460693,1
6.181482315063477,1
6.913064002990723,1
6.62883186340332,1
6.809235572814941,1
6.671088218688965,1
7.496857643127441,1
6.652495384216309,1
6.270319938659668,1
6.232883930206299,1
6.8236894607543945,1
6.365853309631348,1
6.035674095153809,1
6.4340410232543945,1
6.652520656585693,1
7.007257461547852,1
6.7962799072265625,1
6.674266815185547,1
6.813898086547852,1
6.74431037902832,1
6.676782608032227,1
6.56732177734375,1
6.253666400909424,1
6.487889289855957,1
6.400970935821533,1
6.720043659210205,1
6.924589157104492,1
6.5942206382751465,1
5.860774040222168,1
6.663435459136963,1
6.371657371520996,1
6.135959625244141,1
6.484928131103516,1
6.499203681945801,1
6.575227737426758,1
6.5178141593933105,1
7.031271934509277,1
6.713026523590088,1
6.35920524597168,1
6.9153218269348145,1
6.874112606048584,1
6.7591071128845215,1
6.411940574645996,1
6.661110877990723,1
6.544435501098633,1
6.984317779541016,1
6.638777732849121,1
7.034293174743652,1
7.047359943389893,1
6.405208587646484,1
6.717916488647461,1
6.410510063171387,1
6.480508804321289,1
6.291249752044678,1
6.7593607902526855,1
6.368581295013428,1
7.087990760803223,1
6.053606986999512,1
7.095109939575195,1
7.076943397521973,1
6.789577007293701,1
6.9160661697387695,1
6.346846580505371,1
6.401362419128418,1
6.164705276489258,1
6.869646072387695,1
6.9920196533203125,1
6.487530708312988,1
6.54825496673584,1
6.619633674621582,1
6.3224077224731445,1
6.522014141082764,1
6.387294769287109,1
6.704148292541504,1
6.602303504943848,1
6.236550331115723,1
6.632970333099365,1
6.656972885131836,1
6.829123020172119,1
6.717331409454346,1
6.528727054595947,1
6.95475959777832,1
6.459047317504883,1
6.934411525726318,1
6.420970916748047,1
6.871728897094727,1
6.886940002441406,1
5.8671770095825195,1
6.743888854980469,1
6.79511022567749,1
6.722987651824951,1
6.808748245239258,1
6.312180042266846,1
6.883134841918945,1
6.607577800750732,1
6.861408710479736,1
6.183874130249023,1
6.890380859375,1
6.378776550292969,1
6.695103645324707,1
6.49442720413208,1
6.5062575340271,1
6.60344123840332,1
6.787823677062988,1
6.247637748718262,1
6.642913341522217,1
6.768436431884766,1
6.52308464050293,1
6.579201698303223,1
6.813528060913086,1
7.075435638427734,1
6.136641979217529,1
6.3648576736450195,1
6.926486015319824,1
6.079231262207031,1
6.24185848236084,1
6.552474498748779,1
6.495553016662598,1
6.657549858093262,1
6.77241849899292,1
6.604568004608154,1
6.615352153778076,1
6.8245062828063965,1
6.336923599243164,1
6.38404655456543,1
6.342518329620361,1
6.70835542678833,1
6.262180328369141,1
6.80903434753418,1
6.67149543762207,1
6.64157772064209,1
6.798839092254639,1
6.480245590209961,1
6.092866897583008,1
6.659684658050537,1
6.735435485839844,1
6.519451141357422,1
6.3080949783325195,1
6.947625160217285,1
6.303013801574707,1
6.732872486114502,1
6.6653361320495605,1
6.366358757019043,1
6.456205368041992,1
6.690970420837402,1
6.824164867401123,1
6.438397407531738,1
6.187774658203125,1
6.282087326049805,1
6.9971466064453125,1
6.863273620605469,1
6.612519264221191,1
6.9362030029296875,1
6.609888553619385,1
6.636221885681152,1
6.977992057800293,1
6.660768985748291,1
6.258954048156738,1
6.843889236450195,1
6.406695365905762,1
6.45714807510376,1
6.544493675231934,1
6.82842493057251,1
6.807952880859375,1
6.983863830566406,1
5.839518070220947,1
7.124350547790527,1
6.732260704040527,1
6.575160980224609,1
6.721039295196533,1
6.910799026489258,1
6.789380073547363,1
6.58682918548584,1
6.4025068283081055,1
6.271186351776123,1
6.817220687866211,1
6.810981750488281,1
6.885404109954834,1
6.074141025543213,1
6.3905439376831055,1
7.116428375244141,1
6.76453971862793,1
6.551892280578613,1
6.321743488311768,1
6.478309154510498,1
6.452579021453857,1
6.4978179931640625,1
6.660610675811768,1
6.690457344055176,1
6.586653709411621,1
6.762445449829102,1
6.691252708435059,1
6.784324645996094,1
6.458697319030762,1
6.252985000610352,1
6.51214599609375,1
6.942811965942383,1
6.660445213317871,1
6.725194931030273,1
6.636228561401367,1
6.694324493408203,1
6.521405220031738,1
6.758572101593018,1
6.965023994445801,1
6.64555025100708,1
7.009033679962158,1
6.293644905090332,1
6.7561540603637695,1
6.618784427642822,1
6.503564834594727,1
6.29014778137207,1
6.754335403442383,1
6.457037925720215,1
5.998815536499023,1
6.479582786560059,1
6.510852813720703,1
6.670918941497803,1
6.655211448669434,1
6.398337364196777,1
6.905529975891113,1
6.338733673095703,1
6.4395599365234375,1
6.359388828277588,1
6.116251468658447,1
6.7790327072143555,1
6.5912933349609375,1
6.130209922790527,1
6.634422302246094,1
7.048642635345459,1
6.896486759185791,1
6.433213710784912,1
6.726917743682861,1
6.489635467529297,1
6.599897384643555,1
6.4760026931762695,1
7.0098557472229,1
6.807459354400635,1
6.423000335693359,1
6.762578010559082,1
6.351225852966309,1
6.171232223510742,1
6.601334571838379,1
6.372122764587402,1
6.6801958084106445,1
6.8164567947387695,1
6.040843486785889,1
6.931689739227295,1
6.7397284507751465,1
6.59261417388916,1
6.908073425292969,1
7.056242942810059,1
6.486306667327881,1
6.5137200355529785,1
6.7372846603393555,1
6.384493350982666,1
5.741919994354248,1
6.2231669425964355,1
6.381320953369141,1
6.544142246246338,1
6.655958652496338,1
6.3384552001953125,1
6.551874160766602,1
6.61448860168457,1
6.5268473625183105,1
6.987423419952393,1
6.802309989929199,1
6.792534351348877,1
6.959347724914551,1
6.286454200744629,1
6.3701066970825195,1
6.566509246826172,1
6.581665992736816,1
6.499151229858398,1
6.021542549133301,1
6.355839252471924,1
6.220357894897461,1
6.635349750518799,1
6.771015167236328,1
6.481749534606934,1
6.687264442443848,1
6.58198881149292,1
6.317472457885742,1
6.276037693023682,1
7.085524559020996,1
6.760420799255371,1
6.599195957183838,1
6.2325968742370605,1
6.751638412475586,1
6.433346271514893,1
5.861922264099121,1
6.367218971252441,1
6.8884477615356445,1
6.233957290649414,1
7.165970325469971,1
6.247992992401123,1
6.489823341369629,1
6.939757347106934,1
6.303213596343994,1
6.82522439956665,1
6.277634620666504,1
6.3442463874816895,1
6.297239303588867,1
7.420087814331055,1
6.72400426864624,1
6.341904640197754,1
6.346922874450684,1
6.320761680603027,1
6.583467483520508,1
6.291375637054443,1
6.451155662536621,1
6.083250522613525,1
6.489468097686768,1
6.432368755340576,1
6.613753318786621,1
6.175044059753418,1
7.085770606994629,1
7.277518272399902,1
6.072439670562744,1
6.717185974121094,1
6.924504280090332,1
6.56594181060791,1
5.954545974731445,1
6.750353813171387,1
6.264721870422363,1
6.556920528411865,1
7.136590957641602,1
7.199606895446777,1
7.243486404418945,1
6.544447422027588,1
6.592713832855225,1
6.564968109130859,1
5.893593788146973,1
6.3302507400512695,1
6.740159034729004,1
6.795023441314697,1
6.760510444641113,1
6.763872146606445,1
6.838994979858398,1
6.378293514251709,1
6.416254997253418,1
6.4927191734313965,1
6.189176559448242,1
6.17486572265625,1
6.8101677894592285,1
6.731344223022461,1
6.654245853424072,1
6.718311786651611,1
6.511573791503906,1
6.6115827560424805,1
6.884184837341309,1
6.49459171295166,1
6.5782880783081055,1
7.015246868133545,1
7.03456974029541,1
6.662099838256836,1
6.643564224243164,1
7.3046979904174805,1
6.46350622177124,1
6.609732627868652,1
6.7033586502075195,1
6.628520965576172,1
6.080033779144287,1
6.320133209228516,1
6.356969833374023,1
6.7385358810424805,1
6.532308578491211,1
6.614267349243164,1
6.599910736083984,1
6.344431400299072,1
6.379608631134033,1
6.870170593261719,1
7.10374116897583,1
6.711329936981201,1
6.578307151794434,1
6.696086883544922,1
6.507421493530273,1
6.792746067047119,1
6.693392753601074,1
6.495539665222168,1
6.416281700134277,1
6.707667350769043,1
6.667606353759766,1
6.35111141204834,1
6.728657245635986,1
6.634488105773926,1
6.865614414215088,1
6.4856719970703125,1
6.410626411437988,1
6.8305206298828125,1
6.687746047973633,1
6.714051246643066,1
6.069051265716553,1
6.555691242218018,1
6.557826995849609,1
6.784343719482422,1
6.963081359863281,1
6.782797813415527,1
6.86073112487793,1
6.794992446899414,1
6.343839645385742,1
6.675753593444824,1
6.784711837768555,1
6.340672492980957,1
6.367719650268555,1
6.521585464477539,1
6.342949867248535,1
7.087709903717041,1
6.555328845977783,1
6.233153343200684,1
6.538597583770752,1
6.723648548126221,1
6.67108154296875,1
6.685399532318115,1
6.1620283126831055,1
6.1814470291137695,1
6.5185418128967285,1
6.681449890136719,1
6.440479755401611,1
6.56356143951416,1
6.720854759216309,1
7.362414360046387,1
6.753326416015625,1
6.575615882873535,1
6.263605117797852,1
6.28077507019043,1
6.676451683044434,1
6.767881393432617,1
6.498807430267334,1
6.4615936279296875,1
6.212454319000244,1
6.202121734619141,1
6.628705024719238,1
7.106689453125,1
6.5079264640808105,1
6.607177734375,1
6.316037178039551,1
6.233761787414551,1
6.234564781188965,1
6.1977739334106445,1
6.763448715209961,1
6.854794502258301,1
6.547737121582031,1
6.347579002380371,1
6.947603702545166,1
6.7205095291137695,1
6.537253379821777,1
6.777622699737549,1
6.697231292724609,1
6.570159912109375,1
6.469987869262695,1
6.441566467285156,1
6.274412155151367,1
6.449713706970215,1
6.457077980041504,1
6.98164701461792,1
6.549125671386719,1
6.703647613525391,1
6.38719367980957,1
7.074429512023926,1
6.756229877471924,1
6.852785110473633,1
6.612005233764648,1
6.778626441955566,1
6.932641983032227,1
6.191080093383789,1
6.040820121765137,1
6.7890729904174805,1
6.259838104248047,1
6.3152031898498535,1
6.9684062004089355,1
6.705038547515869,1
7.18370246887207,1
6.423676490783691,1
6.620228290557861,1
6.799871444702148,1
6.604735851287842,1
6.804403305053711,1
6.516808032989502,1
6.234928131103516,1
7.137156963348389,1
6.907372951507568,1
6.191771507263184,1
7.094995498657227,1
6.757339954376221,1
6.903998374938965,1
6.315206527709961,1
6.505867004394531,1
6.60205602645874,1
6.511064529418945,1
6.03814697265625,1
6.466979026794434,1
6.7460527420043945,1
6.692169189453125,1
6.507230281829834,1
6.205531120300293,1
6.466331481933594,1
6.789459228515625,1
6.6638946533203125,1
6.439964294433594,1
6.838997840881348,1
6.937864303588867,1
6.435677528381348,1
6.530390739440918,1
6.342267036437988,1
6.35850191116333,1
6.576613903045654,1
6.522432804107666,1
6.548757076263428,1
7.127715587615967,1
6.222616195678711,1
6.508504390716553,1
6.864206790924072,1
6.395081520080566,1
6.836719512939453,1
6.946163177490234,1
6.357797622680664,1
6.411651611328125,1
6.9022417068481445,1
6.677248954772949,1
6.597779273986816,1
7.066520690917969,1
6.573373794555664,1
6.58170747756958,1
6.477855205535889,1
6.359441757202148,1
6.574709415435791,1
7.072912216186523,1
6.998115062713623,1
6.6563920974731445,1
6.533588409423828,1
6.369877815246582,1
6.329468727111816,1
6.650612831115723,1
6.190245628356934,1
7.066776752471924,1
6.715936660766602,1
6.668835163116455,1
6.725274085998535,1
6.961178779602051,1
7.066202163696289,1
6.454849720001221,1
6.477472305297852,1
6.612773895263672,1
6.47751522064209,1
6.341213703155518,1
6.33564567565918,1
6.793288707733154,1
6.018214702606201,1
6.807213306427002,1
6.9121809005737305,1
6.553112983703613,1
6.6593475341796875,1
6.081686973571777,1
6.3114118576049805,1
6.821699619293213,1
6.130314826965332,1
6.543160915374756,1
6.717844486236572,1
6.31721830368042,1
7.042455673217773,1
6.28254508972168,1
6.265923500061035,1
6.725864410400391,1
6.660984039306641,1
6.845591068267822,1
6.780172348022461,1
6.111329078674316,1
5.9574995040893555,1
6.418122291564941,1
6.473560333251953,1
6.627890586853027,1
6.634355545043945,1
6.57162618637085,1
6.920446395874023,1
6.674325942993164,1
6.356332302093506,1
6.705872535705566,1
6.904004096984863,1
6.726714611053467,1
6.544770240783691,1
6.75492000579834,1
6.904771327972412,1
6.546079635620117,1
6.254357814788818,1
6.487008094787598,1
6.597359657287598,1
6.727880001068115,1
6.68063497543335,1
6.315544128417969,1
6.3988847732543945,1
6.169615745544434,1
6.479920864105225,1
6.489821910858154,1
6.348943710327148,1
6.582986831665039,1
6.934483528137207,1
6.283905029296875,1
6.179827690124512,1
6.118710041046143,1
6.115054607391357,1
6.370269298553467,1
6.6024017333984375,1
6.443308353424072,1
6.633658409118652,1
6.3044819831848145,1
6.669620990753174,1
6.8258819580078125,1
6.3487229347229,1
6.6207380294799805,1
6.453502178192139,1
6.668990135192871,1
6.75416898727417,1
6.7581071853637695,1
6.789353847503662,1
6.857536315917969,1
6.77260684967041,1
6.570867538452148,1
6.5586466789245605,1
6.779191493988037,1
6.634368419647217,1
6.264679908752441,1
6.18951416015625,1
7.039094924926758,1
6.590188026428223,1
6.738807201385498,1
6.915499687194824,1
6.605663299560547,1
6.323701858520508,1
6.836878776550293,1
6.775967121124268,1
6.748504638671875,1
6.165308952331543,1
6.635853290557861,1
6.452924728393555,1
6.490852355957031,1
6.5419487953186035,1
6.661664962768555,1
6.382780075073242,1
6.467761993408203,1
6.825654983520508,1
6.589118003845215,1
6.498955726623535,1
6.928048133850098,1
6.3438825607299805,1
6.147782802581787,1
5.847132682800293,1
6.094436168670654,1
6.590603828430176,1
6.435110569000244,1
6.033929347991943,1
6.528020858764648,1
5.866788387298584,1
6.2594828605651855,1
7.436992645263672,1
6.08154821395874,1
6.639404296875,1
6.367968559265137,1
6.540675640106201,1
6.261630535125732,1
6.391941547393799,1
6.603748798370361,1
6.7506256103515625,1
6.649641036987305,1
6.789338111877441,1
6.784792423248291,1
6.622318744659424,1
6.613404750823975,1
6.314704895019531,1
6.019933700561523,1
6.277209758758545,1
6.765834808349609,1
6.5882391929626465,1
6.251185417175293,1
6.525660514831543,1
6.469658851623535,1
7.067596912384033,1
7.122138977050781,1
6.392087936401367,1
6.727688789367676,1
6.356870174407959,1
6.645750999450684,1
6.293247699737549,1
6.806005954742432,1
6.853130340576172,1
6.3866376876831055,1
7.002342700958252,1
6.045376777648926,1
6.950370788574219,1
6.601511001586914,1
6.454763412475586,1
6.3416337966918945,1
6.807393550872803,1
6.911367416381836,1
6.475584030151367,1
6.781895637512207,1
6.898253440856934,1
6.485006332397461,1
7.224386692047119,1
6.702082633972168,1
6.471364498138428,1
5.879777908325195,1
6.654317378997803,1
6.298165321350098,1
7.088583469390869,1
6.572574138641357,1
6.802524089813232,1
6.461505889892578,1
6.583488464355469,1
6.3055100440979,1
6.523301124572754,1
6.465460777282715,1
6.598438739776611,1
6.559240341186523,1
6.94612979888916,1
6.754968166351318,1
6.65532112121582,1
5.934364318847656,1
6.595424175262451,1
6.641819953918457,1
6.123410224914551,1
6.215739727020264,1
6.751619338989258,1
6.504801273345947,1
6.7266764640808105,1
6.46019172668457,1
6.363529205322266,1
6.365263938903809,1
6.5476274490356445,1
6.4010910987854,1
6.979556083679199,1
6.779267311096191,1
6.250180244445801,1
7.0175957679748535,1
6.541159152984619,1
6.2418622970581055,1
6.253101348876953,1
6.203864097595215,1
6.751760482788086,1
6.212759971618652,1
6.27578067779541,1
6.465683937072754,1
6.7453131675720215,1
6.75865364074707,1
6.453866004943848,1
6.322356224060059,1
6.191849231719971,1
6.5899128913879395,1
6.558319091796875,1
6.424278259277344,1
6.5009989738464355,1
6.59568452835083,1
6.910427093505859,1
6.929157257080078,1
6.72952127456665,1
6.468794345855713,1
6.798318862915039,1
6.194801330566406,1
6.187507629394531,1
7.053379058837891,1
6.175471305847168,1
6.427603721618652,1
6.474040985107422,1
6.157500743865967,1
6.341872692108154,1
6.655140399932861,1
6.712796211242676,1
6.395025730133057,1
6.537690162658691,1
6.75728178024292,1
6.399393558502197,1
6.601025581359863,1
6.693020820617676,1
6.6171698570251465,1
6.526500225067139,1
6.61273193359375,1
6.153446197509766,1
7.071406364440918,1
6.478702545166016,1
6.642133712768555,1
6.33441686630249,1
6.744060516357422,1
7.088090896606445,1
6.647186279296875,1
6.644476890563965,1
6.699746131896973,1
6.565524101257324,1
6.238818645477295,1
6.20789909362793,1
6.466238498687744,1
6.7349724769592285,1
6.029326438903809,1
6.518609523773193,1
6.217426776885986,1
6.335873126983643,1
6.205604553222656,1
6.382113933563232,1
7.141149044036865,1
6.173157215118408,1
6.328374862670898,1
6.830921173095703,1
6.5399580001831055,1
6.410735130310059,1
7.09104061126709,1
6.696162223815918,1
6.908447265625,1
6.443051338195801,1
6.239858627319336,1
7.533429145812988,1
7.156402587890625,1
6.833326816558838,1
6.524782657623291,1
6.926046371459961,1
6.484914779663086,1
6.221452713012695,1
7.218733310699463,1
6.435779571533203,1
6.254519462585449,1
6.255117416381836,1
6.567278861999512,1
6.371511936187744,1
6.657570838928223,1
6.431210517883301,1
6.571568489074707,1
6.399494171142578,1
6.078805923461914,1
6.2935943603515625,1
6.489950180053711,1
6.616678714752197,1
6.083817005157471,1
6.859180927276611,1
7.118595123291016,1
6.640176773071289,1
5.925599098205566,1
6.734282970428467,1
6.863560676574707,1
6.474533557891846,1
6.479079723358154,1
6.556684494018555,1
6.311645030975342,1
6.211313724517822,1
6.400525093078613,1
6.635162353515625,1
6.151301860809326,1
6.260091781616211,1
6.736111640930176,1
6.480961799621582,1
6.677227020263672,1
6.231091499328613,1
6.110299110412598,1
6.391655921936035,1
6.925353527069092,1
6.129751205444336,1
6.010727405548096,1
6.182939529418945,1
6.657397270202637,1
6.300947189331055,1
6.832136631011963,1
6.448245525360107,1
6.311201095581055,1
6.440340995788574,1
6.722572326660156,1
5.997989654541016,1
5.886735916137695,1
6.497678756713867,1
6.140615940093994,1
6.270063400268555,1
6.544212341308594,1
6.564773082733154,1
6.583212852478027,1
6.523768424987793,1
6.845242023468018,1
6.622037887573242,1
6.357882499694824,1
6.562963485717773,1
6.525901794433594,1
6.317221641540527,1
6.191797256469727,1
6.075377464294434,1
6.310982704162598,1
7.028847694396973,1
6.904478073120117,1
6.272587776184082,1
5.970149993896484,1
6.981893539428711,1
6.471709728240967,1
6.6139984130859375,1
6.467161178588867,1
6.800449848175049,1
6.4039154052734375,1
6.504103183746338,1
7.1817779541015625,1
6.416367530822754,1
6.433008193969727,1
6.675163269042969,1
6.374669075012207,1
6.818319320678711,1
6.105380058288574,1
6.762371063232422,1
6.609818458557129,1
6.337223052978516,1
6.35536003112793,1
6.392641067504883,1
6.614939212799072,1
6.40637731552124,1
6.099018096923828,1
6.748311996459961,1
6.658482074737549,1
6.668275356292725,1
6.506271839141846,1
6.3759870529174805,1
6.703780651092529,1
6.17777156829834,1
6.481893539428711,1
6.865518569946289,1
7.092261791229248,1
6.95613431930542,1
6.720231533050537,1
6.917376518249512,1
6.637378692626953,1
6.152056694030762,1
6.435125350952148,1
6.229787349700928,1
6.450214385986328,1
6.45900821685791,1
6.066154956817627,1
6.465876579284668,1
6.497992992401123,1
6.433534145355225,1
7.026654243469238,1
6.163921356201172,1
6.399714946746826,1
6.229429721832275,1
6.663434028625488,1
6.440777778625488,1
6.326318740844727,1
7.664862155914307,1
6.393815040588379,1
6.895967483520508,1
6.843857288360596,1
6.196424961090088,1
5.658329010009766,1
6.382565975189209,1
6.7622575759887695,1
6.903003692626953,1
6.2074127197265625,1
6.320126533508301,1
6.540464401245117,1
6.673426151275635,1
6.544040679931641,1
6.5703630447387695,1
6.615297317504883,1
6.512091636657715,1
6.738519668579102,1
6.327048301696777,1
6.2490739822387695,1
6.640568733215332,1
6.065764427185059,1
6.554082870483398,1
6.5416131019592285,1
6.639150619506836,1
6.700810432434082,1
7.0577311515808105,1
6.655708312988281,1
6.241860389709473,1
6.413369178771973,1
6.519725799560547,1
6.615794658660889,1
6.743204116821289,1
6.956402778625488,1
6.475819110870361,1
6.202807426452637,1
6.277036666870117,1
6.681139945983887,1
6.5449323654174805,1
6.254361152648926,1
6.382164001464844,1
6.102502822875977,1
6.367629528045654,1
6.877451419830322,1
6.147494792938232,1
6.200498104095459,1
6.9630537033081055,1
6.307896614074707,1
6.713989734649658,1
6.359012603759766,1
6.110546112060547,1
6.684990882873535,1
6.510907173156738,1
6.306571960449219,1
6.568193435668945,1
6.304076194763184,1
6.192500114440918,1
6.670587539672852,1
6.928197383880615,1
6.3829755783081055,1
6.069228649139404,1
6.231262683868408,1
6.6405348777771,1
6.9567670822143555,1
6.2621612548828125,1
6.521886348724365,1
6.56889533996582,1
6.707434177398682,1
6.144159317016602,1
6.967761039733887,1
7.7207770347595215,1
6.997574806213379,1
6.277462005615234,1
6.387014389038086,1
6.987362861633301,1
6.327980041503906,1
6.773306846618652,1
6.182526111602783,1
6.424241065979004,1
6.708831787109375,1
6.3284478187561035,1
6.4216203689575195,1
6.9436187744140625,1
6.587644577026367,1
6.936387062072754,1
6.513705253601074,1
5.959280014038086,1
6.617475509643555,1
7.020362854003906,1
6.458061218261719,1
6.602073669433594,1
6.647718906402588,1
6.566887855529785,1
6.061211109161377,1
6.495718955993652,1
6.637697219848633,1
6.762820243835449,1
6.210406303405762,1
6.131242752075195,1
6.334926128387451,1
6.8084797859191895,1
6.5613555908203125,1
6.045689582824707,1
6.609210014343262,1
6.514040946960449,1
6.8396759033203125,1
6.312295913696289,1
6.146481513977051,1
6.698967933654785,1
6.580532073974609,1
6.345848083496094,1
6.645709991455078,1
6.685894966125488,1
6.122794151306152,1
6.882842540740967,1
7.163422107696533,1
6.137950897216797,1
6.999424934387207,1
6.44572639465332,1
6.888808727264404,1
6.487270355224609,1
6.665818214416504,1
6.816865921020508,1
6.5341572761535645,1
6.548417568206787,1
6.041025638580322,1
6.135423183441162,1
6.790739059448242,1
6.388358116149902,1
6.5286712646484375,1
6.448966979980469,1
6.564790725708008,1
6.539535045623779,1
6.349179267883301,1
6.490720748901367,1
7.326180458068848,1
6.652326583862305,1
6.318652629852295,1
6.626787185668945,1
6.628053665161133,1
6.875670433044434,1
5.841182708740234,1
6.003728866577148,1
6.501017093658447,1
6.394710540771484,1
6.863375663757324,1
6.5986328125,1
6.943387985229492,1
6.970569610595703,1
7.1278605461120605,1
6.4808149337768555,1
6.349041938781738,1
6.414262771606445,1
6.330892562866211,1
6.381957054138184,1
6.6660685539245605,1
6.495978355407715,1
6.481647491455078,1
6.21766996383667,1
7.0002360343933105,1
6.603635311126709,1
6.003539085388184,1
6.30300235748291,1
6.5403900146484375,1
6.737258434295654,1
6.947930335998535,1
6.559262275695801,1
6.197826385498047,1
6.752525806427002,1
6.361387729644775,1
6.604289531707764,1
6.414765357971191,1
6.289566993713379,1
6.423460483551025,1
6.177779197692871,1
6.510060787200928,1
6.798641681671143,1
6.1808648109436035,1
6.494583606719971,1
6.450360298156738,1
6.49744987487793,1
6.385684967041016,1
6.211689472198486,1
6.867735385894775,1
6.301382541656494,1
5.902768135070801,1
6.6162824630737305,1
6.4489593505859375,1
6.8534650802612305,1
6.375138282775879,1
6.034250259399414,1
6.394343852996826,1
6.604676723480225,1
6.851660251617432,1
6.550876617431641,1
6.640991687774658,1
7.000402927398682,1
6.5155792236328125,1
6.621776580810547,1
6.440605163574219,1
6.662513256072998,1
6.353484153747559,1
7.003371238708496,1
6.481607913970947,1
6.569657802581787,1
6.929187774658203,1
6.494966983795166,1
7.1418046951293945,1
6.49504280090332,1
7.146588325500488,1
6.583985328674316,1
6.245329856872559,1
6.553205490112305,1
6.199191570281982,1
6.265995025634766,1
6.506567001342773,1
6.4459381103515625,1
6.565863132476807,1
6.716869354248047,1
6.252066612243652,1
6.321268558502197,1
6.344778060913086,1
6.877427577972412,1
6.58738374710083,1
6.74213981628418,1
6.928518772125244,1
6.630734443664551,1
6.36512565612793,1
6.5492472648620605,1
6.7505083084106445,1
6.592428207397461,1
6.269086837768555,1
6.748742580413818,1
6.599275588989258,1
6.6040568351745605,1
6.650766372680664,1
6.527907848358154,1
6.6724114418029785,1
6.255849838256836,1
6.471126079559326,1
6.868824481964111,1
6.439223289489746,1
6.171911239624023,1
6.42003059387207,1
6.831398963928223,1
6.674413204193115,1
6.309168338775635,1
6.4272565841674805,1
6.670600891113281,1
6.711550235748291,1
6.580808162689209,1
6.390721321105957,1
6.583160877227783,1
7.153407573699951,1
6.577116966247559,1
6.800848007202148,1
6.387843132019043,1
6.735141754150391,1
6.197482109069824,1
6.423641204833984,1
6.7638702392578125,1
6.393387794494629,1
7.160962104797363,1
6.544040203094482,1
6.526468276977539,1
6.7336883544921875,1
6.010641098022461,1
6.624398231506348,1
6.433887481689453,1
6.9998602867126465,1
6.466580390930176,1
6.848058223724365,1
6.3469696044921875,1
6.540753364562988,1
5.91519832611084,1
6.845644950866699,1
6.440118789672852,1
6.70688009262085,1
6.382559776306152,1
6.33099365234375,1
6.09111213684082,1
6.615231513977051,1
6.322127342224121,1
6.422484874725342,1
6.3767852783203125,1
6.8534746170043945,1
6.806098937988281,1
6.384486675262451,1
6.691766262054443,1
5.8881049156188965,1
6.350554943084717,1
6.240318298339844,1
6.123741149902344,1
6.803913116455078,1
6.660124778747559,1
6.639100074768066,1
6.999199867248535,1
7.125174522399902,1
6.47199821472168,1
6.230801105499268,1
6.688529968261719,1
6.713015079498291,1
6.25898551940918,1
6.627948760986328,1
6.2889604568481445,1
6.538856506347656,1
6.478621482849121,1
6.893298625946045,1
6.681285381317139,1
6.27695369720459,1
5.637068271636963,1
6.480639934539795,1
6.375872611999512,1
6.603246212005615,1
6.5364580154418945,1
6.6513352394104,1
6.3137969970703125,1
6.406025409698486,1
5.97042989730835,1
6.3876800537109375,1
6.647069931030273,1
6.394933223724365,1
6.37069034576416,1
7.007295608520508,1
6.584922790527344,1
6.330297470092773,1
6.641944885253906,1
6.5080461502075195,1
6.495752334594727,1
6.685782432556152,1
6.632883071899414,1
6.223928451538086,1
6.411143779754639,1
6.522453784942627,1
6.262800216674805,1
6.513954162597656,1
6.529651165008545,1
6.572800159454346,1
6.5034990310668945,1
6.342124938964844,1
6.760258197784424,1
6.31341028213501,1
6.016243934631348,1
6.49748420715332,1
6.079372406005859,1
6.0013837814331055,1
7.14256477355957,1
6.595491409301758,1
6.537790298461914,1
6.15850305557251,1
7.619582176208496,1
6.42574405670166,1
6.458956718444824,1
6.363945960998535,1
6.286932468414307,1
6.521944999694824,1
6.472049713134766,1
6.067866325378418,1
6.284544467926025,1
6.295839309692383,1
6.607872009277344,1
7.34005069732666,1
7.081959247589111,1
6.824199676513672,1
7.027927875518799,1
6.68381404876709,1
6.885895252227783,1
6.400027751922607,1
6.0799102783203125,1
6.630955219268799,1
6.230064392089844,1
6.322627067565918,1
6.564518451690674,1
6.352963924407959,1
6.461259841918945,1
6.4844512939453125,1
6.559059143066406,1
6.841456413269043,1
5.693515777587891,1
6.5970869064331055,1
6.564766883850098,1
6.301362991333008,1
6.157346725463867,1
6.66694450378418,1
5.912801742553711,1
6.300990104675293,1
6.967321395874023,1
6.50911808013916,1
6.52638053894043,1
6.959205150604248,1
6.306740760803223,1
6.152193546295166,1
6.39398717880249,1
6.587853908538818,1
6.609350204467773,1
6.6429290771484375,1
6.874046325683594,1
6.475435256958008,1
5.932708740234375,1
6.469306945800781,1
7.046543121337891,1
6.534382343292236,1
6.613348484039307,1
6.5814924240112305,1
6.744994163513184,1
6.633331298828125,1
6.4496026039123535,1
6.240299701690674,1
6.527490139007568,1
6.366734027862549,1
6.8609938621521,1
6.618720531463623,1
6.662683486938477,1
6.618253707885742,1
6.253999710083008,1
6.582055568695068,1
6.075709342956543,1
6.586709976196289,1
6.024240493774414,1
6.457503318786621,1
5.842334747314453,1
6.5360941886901855,1
7.132626533508301,1
6.372462272644043,1
6.847937107086182,1
6.486523628234863,1
6.23426628112793,1
6.790854454040527,1
6.796854496002197,1
6.739505767822266,1
7.181946277618408,1
7.321078777313232,1
6.462839126586914,1
6.524470329284668,1
6.172055244445801,1
7.696630477905273,1
6.858981609344482,1
7.022361755371094,1
6.243677139282227,1
5.975978851318359,1
6.913186073303223,1
6.5462775230407715,1
7.2035980224609375,1
6.562074661254883,1
6.67918062210083,1
6.566429615020752,1
6.60299825668335,1
6.678569793701172,1
6.381105899810791,1
7.031826972961426,1
6.268325328826904,1
6.5824127197265625,1
6.966274261474609,1
6.536094665527344,1
6.426994323730469,1
6.561269283294678,1
6.410223007202148,1
6.245326995849609,1
6.9037017822265625,1
6.497823238372803,1
5.647006034851074,1
6.196847915649414,1
6.290596961975098,1
6.48464298248291,1
6.470846176147461,1
6.409518718719482,1
6.275964736938477,1
6.189759254455566,1
6.295712947845459,1
7.0937089920043945,1
6.487784385681152,1
6.275038719177246,1
6.804797172546387,1
6.162104606628418,1
6.361784934997559,1
6.992414951324463,1
6.1834635734558105,1
6.334081172943115,1
6.047669887542725,1
6.513338565826416,1
6.140761375427246,1
6.216301918029785,1
6.464323997497559,1
6.237143516540527,1
6.4902777671813965,1
6.054347038269043,1
6.574240207672119,1
6.415129661560059,1
6.236230850219727,1
6.563922882080078,1
6.725306510925293,1
6.456387519836426,1
6.423225402832031,1
5.938309669494629,1
6.482277870178223,1
6.396000862121582,1
6.370924949645996,1
6.189376354217529,1
6.205482482910156,1
6.581611633300781,1
6.137704849243164,1
6.464140892028809,1
6.61151647567749,1
6.696666717529297,1
6.3641133308410645,1
5.9461259841918945,1
7.1700873374938965,1
6.587302207946777,1
6.496190547943115,1
6.549001693725586,1
6.056536674499512,1
6.532425403594971,1
6.567419052124023,1
6.073644161224365,1
6.961616039276123,1
6.635369777679443,1
6.342079162597656,1
6.4660491943359375,1
5.853772163391113,1
6.412626266479492,1
6.405893325805664,1
6.094074249267578,1
6.7669477462768555,1
6.481996536254883,1
6.610335350036621,1
6.94967794418335,1
6.263050079345703,1
6.591361045837402,1
6.456654071807861,1
6.713067054748535,1
6.5934906005859375,1
6.764824390411377,1
6.863402843475342,1
7.429408550262451,1
6.640689373016357,1
7.131758213043213,1
6.431413650512695,1
6.878416538238525,1
6.0742506980896,1
6.5521321296691895,1
6.76333475112915,1
6.926539421081543,1
6.488108158111572,1
6.739383697509766,1
6.48159122467041,1
6.484886169433594,1
6.464105129241943,1
6.361888408660889,1
6.355156421661377,1
6.8257222175598145,1
6.112492561340332,1
6.2267045974731445,1
5.897522926330566,1
6.069728851318359,1
6.295559883117676,1
6.584477424621582,1
6.856152534484863,1
6.503041744232178,1
6.527322769165039,1
6.475664138793945,1
6.776782989501953,1
6.022216796875,1
6.394822120666504,1
5.920839309692383,1
6.891053199768066,1
6.797501564025879,1
6.43606424331665,1
6.630895614624023,1
6.64581823348999,1
6.394208908081055,1
6.340912818908691,1
6.194364547729492,1
6.654621124267578,1
6.148916721343994,1
6.891844749450684,1
7.121921539306641,1
6.498683452606201,1
6.716915130615234,1
6.901309490203857,1
6.795297622680664,1
6.184612274169922,1
6.542300701141357,1
7.612424373626709,1
6.875970840454102,1
6.394096374511719,1
6.405268669128418,1
6.9948601722717285,1
6.775221824645996,1
5.899036407470703,1
6.544119358062744,1
6.847455978393555,1
6.861917972564697,1
6.17963981628418,1
6.363896369934082,1
6.419902324676514,1
6.785309314727783,1
6.64649772644043,1
6.099480628967285,1
6.381692886352539,1
5.996349811553955,1
6.2056803703308105,1
6.6010260581970215,1
6.5003814697265625,1
6.591194152832031,1
6.165247917175293,1
6.740180015563965,1
6.297405242919922,1
6.6276044845581055,1
6.694459438323975,1
6.1305742263793945,1
5.992359638214111,1
7.300612449645996,1
6.471212863922119,1
6.876518726348877,1
6.631662368774414,1
6.703962326049805,1
6.887259483337402,1
6.2748212814331055,1
6.576376914978027,1
6.840026378631592,1
6.969871520996094,1
5.815627098083496,1
6.807700157165527,1
6.510954856872559,1
6.405279159545898,1
6.318814277648926,1
6.854466915130615,1
6.4412970542907715,1
6.33998966217041,1
6.95552921295166,1
7.2315850257873535,1
6.433030128479004,1
6.034858226776123,1
6.3087968826293945,1
6.410578727722168,1
6.667187690734863,1
6.223963260650635,1
6.925281524658203,1
6.846909046173096,1
6.265189170837402,1
6.725223541259766,1
6.84309720993042,1
6.8351640701293945,1
6.36639404296875,1
6.844488620758057,1
6.530148506164551,1
6.429164886474609,1
6.448814868927002,1
6.4078497886657715,1
6.3886260986328125,1
6.669617176055908,1
6.552596092224121,1
6.57293701171875,1
6.664243221282959,1
6.379265308380127,1
7.222907066345215,1
6.640085697174072,1
6.321003437042236,1
6.310908317565918,1
6.368307113647461,1
6.23666524887085,1
5.828082084655762,1
6.397883415222168,1
6.582076072692871,1
6.676141262054443,1
6.3512372970581055,1
6.545472145080566,1
6.201089382171631,1
6.507429599761963,1
6.960144996643066,1
6.926129341125488,1
6.6278486251831055,1
6.524730682373047,1
6.4884748458862305,1
6.315256118774414,1
7.3393659591674805,1
6.269869327545166,1
6.17279052734375,1
6.70146369934082,1
6.7893853187561035,1
6.284646511077881,1
6.238514423370361,1
6.651684761047363,1
5.930233478546143,1
6.591989040374756,1
6.670279502868652,1
6.026724815368652,1
6.409543037414551,1
6.55525016784668,1
6.48171854019165,1
5.714475631713867,1
6.631388187408447,1
6.316030502319336,1
6.548809051513672,1
6.878557205200195,1
6.93039608001709,1
6.903395175933838,1
6.41658878326416,1
6.448816776275635,1
6.1993408203125,1
6.290709018707275,1
6.286595821380615,1
6.52147102355957,1
6.318286895751953,1
7.2222795486450195,1
6.751138687133789,1
6.905873775482178,1
6.604822158813477,1
6.282822608947754,1
6.41594123840332,1
6.656510353088379,1
6.386394500732422,1
6.256916046142578,1
6.7746992111206055,1
6.616116523742676,1
6.220293998718262,1
6.022195816040039,1
6.733705043792725,1
6.39348030090332,1
6.682367324829102,1
5.901700973510742,1
6.331672668457031,1
6.142481803894043,1
6.061615943908691,1
6.378490924835205,1
6.541899681091309,1
6.409223556518555,1
6.396366119384766,1
6.7291460037231445,1
6.327630043029785,1
6.462958812713623,1
6.238175868988037,1
6.822564125061035,1
6.581258296966553,1
6.175351142883301,1
6.814845085144043,1
6.571432590484619,1
6.521556854248047,1
7.156510353088379,1
6.886631965637207,1
6.439229488372803,1
7.000723838806152,1
6.552166938781738,1
6.314822196960449,1
6.644740104675293,1
6.0865631103515625,1
6.85692024230957,1
6.813879013061523,1
6.451343536376953,1
6.332352638244629,1
6.49921989440918,1
6.945040225982666,1
6.513976097106934,1
6.384148597717285,1
6.495903015136719,1
6.100403785705566,1
5.756821632385254,1
6.320533752441406,1
6.671691417694092,1
6.293936252593994,1
6.556367874145508,1
6.4638991355896,1
6.481734275817871,1
6.645146369934082,1
6.710862636566162,1
6.1057963371276855,1
6.538578987121582,1
6.758279323577881,1
6.785510063171387,1
6.955300331115723,1
6.614169597625732,1
6.3767194747924805,1
6.283783912658691,1
6.888607978820801,1
6.674195289611816,1
6.805351734161377,1
6.574728965759277,1
6.359552383422852,1
6.53648567199707,1
6.1415205001831055,1
6.281685829162598,1
5.869655132293701,1
6.305689811706543,1
6.407683372497559,1
6.423067092895508,1
6.291715145111084,1
6.225526809692383,1
6.502598762512207,1
6.861016273498535,1
6.91839599609375,1
6.278357028961182,1
6.717978477478027,1
6.595664024353027,1
6.844426155090332,1
6.439174652099609,1
6.691872596740723,1
7.1900634765625,1
6.351662635803223,1
6.207631587982178,1
7.155417442321777,1
6.815860748291016,1
6.234579086303711,1
6.381732940673828,1
6.35764741897583,1
6.815802574157715,1
7.145406246185303,1
6.775483131408691,1
6.500432968139648,1
6.7481770515441895,1
6.482141494750977,1
7.199099540710449,1
6.520443916320801,1
6.763647556304932,1
5.9912190437316895,1
7.227224826812744,1
6.524066925048828,1
6.516496658325195,1
6.499222755432129,1
6.547163009643555,1
6.087508678436279,1
6.131115913391113,1
6.652322769165039,1
6.410346031188965,1
6.4341607093811035,1
6.447965621948242,1
6.227879524230957,1
6.139350414276123,1
6.335179328918457,1
6.748839378356934,1
6.634993076324463,1
6.408977508544922,1
6.65338659286499,1
6.579605579376221,1
6.765868186950684,1
6.679568290710449,1
6.739311218261719,1
6.625701904296875,1
6.817543029785156,1
6.498669624328613,1
6.605015277862549,1
6.546152114868164,1
6.91435432434082,1
7.162251949310303,1
6.684666633605957,1
6.487852096557617,1
6.106823921203613,1
6.344271183013916,1
6.265803813934326,1
6.6131181716918945,1
6.421985149383545,1
6.5140509605407715,1
6.49637508392334,1
6.294685363769531,1
6.081808567047119,1
5.947403907775879,1
6.482086181640625,1
6.209461212158203,1
6.378114700317383,1
6.102027893066406,1
6.668403625488281,1
6.82159423828125,1
6.558470726013184,1
6.667450904846191,1
5.988818168640137,1
5.637661933898926,1
6.649822235107422,1
6.347118377685547,1
6.56554651260376,1
6.0045390129089355,1
7.212151050567627,1
6.361790180206299,1
6.07283878326416,1
6.402615547180176,1
6.458775520324707,1
6.848879814147949,1
6.515629768371582,1
7.044679641723633,1
5.874649524688721,1
6.340052127838135,1
6.7872467041015625,1
5.989301681518555,1
6.310208797454834,1
6.143836498260498,1
6.4447550773620605,1
6.827649116516113,1
6.7674784660339355,1
5.948487281799316,1
6.20958137512207,1
6.62571907043457,1
6.3208394050598145,1
6.611668586730957,1
6.019569396972656,1
6.55525541305542,1
6.2278571128845215,1
6.599664688110352,1
5.65955114364624,1
6.765279293060303,1
6.5402936935424805,1
6.814852714538574,1
7.103057384490967,1
6.564133644104004,1
6.61144495010376,1
6.390953063964844,1
6.504347801208496,1
6.671957015991211,1
6.124351501464844,1
6.285895824432373,1
6.325740337371826,1
6.822863578796387,1
6.088229179382324,1
6.2194671630859375,1
6.4926347732543945,1
6.021413326263428,1
7.089426040649414,1
7.081454277038574,1
6.755620956420898,1
6.731581687927246,1
6.51328182220459,1
6.594726085662842,1
6.441035270690918,1
6.644443035125732,1
6.1349077224731445,1
6.467063903808594,1
6.467990398406982,1
7.039524078369141,1
6.222109794616699,1
6.741520881652832,1
6.387238502502441,1
6.439993858337402,1
6.398187160491943,1
6.1266770362854,1
6.205840587615967,1
6.418081283569336,1
6.56294059753418,1
6.757647514343262,1
5.945331573486328,1
7.2415971755981445,1
6.25803279876709,1
6.519748210906982,1
6.517428398132324,1
6.715341567993164,1
6.447774410247803,1
6.620053768157959,1
6.675553321838379,1
6.921841621398926,1
6.245600700378418,1
6.192713260650635,1
6.462711334228516,1
6.603232383728027,1
6.9484148025512695,1
6.593022346496582,1
6.073848247528076,1
6.675400257110596,1
6.781240940093994,1
6.554018020629883,1
6.421807289123535,1
6.2441205978393555,1
6.279607772827148,1
7.145184516906738,1
6.269211769104004,1
6.539624214172363,1
6.191140651702881,1
6.685014724731445,1
7.128326416015625,1
6.628363132476807,1
6.280633926391602,1
6.770393371582031,1
6.265279769897461,1
6.6852264404296875,1
7.094504356384277,1
6.4965643882751465,1
6.203150749206543,1
6.312049865722656,1
7.141697406768799,1
6.831021308898926,1
6.274397373199463,1
6.52221155166626,1
6.71355676651001,1
6.273653984069824,1
6.47901725769043,1
6.784711837768555,1
6.279747009277344,1
6.515134811401367,1
7.252142906188965,1
5.887698650360107,1
6.492992401123047,1
6.419214248657227,1
6.352876663208008,1
6.101635456085205,1
7.255590438842773,1
6.010066986083984,1
6.498303413391113,1
6.3717217445373535,1
5.879336833953857,1
6.235162734985352,1
6.224967956542969,1
6.478581428527832,1
7.208245277404785,1
6.4677839279174805,1
6.671899795532227,1
5.9560322761535645,1
6.436203479766846,1
6.542137622833252,1
6.575857162475586,1
6.1600494384765625,1
6.507572650909424,1
6.625576972961426,1
6.574985504150391,1
6.506625175476074,1
6.681971549987793,1
6.0719194412231445,1
5.741156578063965,1
6.162184715270996,1
6.966921806335449,1
6.634945869445801,1
6.7450456619262695,1
7.173677444458008,1
6.378109931945801,1
6.400384902954102,1
7.012808322906494,1
6.318394184112549,1
6.607907772064209,1
6.387771129608154,1
6.777810096740723,1
6.829294681549072,1
6.265299320220947,1
6.175225257873535,1
6.929255962371826,1
6.622727394104004,1
6.2023797035217285,1
6.473855972290039,1
7.046212196350098,1
6.9522223472595215,1
6.888954162597656,1
6.586267471313477,1
6.099218368530273,1
6.728889465332031,1
6.222118854522705,1
6.841036796569824,1
7.040263652801514,1
6.477659702301025,1
6.271368980407715,1
6.589349746704102,1
6.392688274383545,1
6.54673957824707,1
7.071561336517334,1
6.5623459815979,1
6.410281181335449,1
6.780004501342773,1
6.5056352615356445,1
6.460948467254639,1
6.290680885314941,1
5.867432117462158,1
6.753241539001465,1
6.741644382476807,1
6.38381290435791,1
6.788354873657227,1
6.598843574523926,1
6.82576847076416,1
6.688119888305664,1
6.228297233581543,1
6.507711410522461,1
6.311626434326172,1
6.5071611404418945,1
6.449496269226074,1
6.718294620513916,1
6.449522018432617,1
6.58387565612793,1
6.5159502029418945,1
6.768095016479492,1
6.506725311279297,1
7.254831314086914,1
6.846574783325195,1
6.4709367752075195,1
6.223839282989502,1
6.196292877197266,1
6.391550064086914,1
7.206871032714844,1
6.093886375427246,1
5.8812575340271,1
6.565433502197266,1
6.379244804382324,1
6.598503112792969,1
6.710139274597168,1
6.592368125915527,1
6.664623737335205,1
6.498260498046875,1
6.558621883392334,1
7.034478664398193,1
6.3167290687561035,1
6.35790491104126,1
6.36771297454834,1
6.308812618255615,1
6.455190658569336,1
7.212294578552246,1
6.639901638031006,1
6.2491912841796875,1
6.836069583892822,1
6.689233303070068,1
6.5006537437438965,1
6.496678829193115,1
6.736255645751953,1
5.996747016906738,1
6.6171464920043945,1
6.685564041137695,1
6.905350685119629,1
6.618433952331543,1
6.5540618896484375,1
6.726494312286377,1
6.93633508682251,1
6.867844104766846,1
6.315816402435303,1
5.927435874938965,1
6.46112060546875,1
5.827625274658203,1
6.929869174957275,1
6.701061725616455,1
7.077037811279297,1
6.918970108032227,1
6.193894386291504,1
6.529900550842285,1
6.761791229248047,1
7.148433685302734,1
6.353988170623779,1
7.182515621185303,1
6.3738298416137695,1
6.301629066467285,1
6.341747283935547,1
6.572793960571289,1
6.055328845977783,1
6.533420562744141,1
6.570168972015381,1
6.534479141235352,1
6.710169315338135,1
6.371274471282959,1
6.140712738037109,1
6.62083101272583,1
6.558739185333252,1
6.633608818054199,1
6.574765682220459,1
6.743175029754639,1
6.367924690246582,1
6.290014266967773,1
6.679928302764893,1
6.213061809539795,1
6.489863872528076,1
6.5519914627075195,1
6.239670753479004,1
6.582463264465332,1
6.245846271514893,1
6.092967987060547,1
6.5311150550842285,1
6.430463790893555,1
6.705239295959473,1
6.386419296264648,1
6.284086227416992,1
6.428540229797363,1
6.551132678985596,1
7.1800689697265625,1
6.485851287841797,1
6.129815101623535,1
6.274122714996338,1
6.7268853187561035,1
5.995591640472412,1
6.575896263122559,1
5.755785942077637,1
6.248256683349609,1
7.380519866943359,1
6.668730735778809,1
6.577341079711914,1
6.126274108886719,1
6.093609809875488,1
6.186251640319824,1
6.51015567779541,1
6.6913251876831055,1
7.0485029220581055,1
6.447835922241211,1
6.849046230316162,1
6.438973426818848,1
6.693831920623779,1
6.3651933670043945,1
6.332136631011963,1
6.963743209838867,1
6.305795669555664,1
6.482679843902588,1
6.678837776184082,1
6.552116394042969,1
6.562368392944336,1
6.589634895324707,1
6.640710830688477,1
6.614472389221191,1
6.652195930480957,1
6.672516822814941,1
6.5698347091674805,1
6.972104549407959,1
6.6800079345703125,1
6.319628715515137,1
6.390424728393555,1
6.319334983825684,1
6.365077018737793,1
6.470335960388184,1
7.254697799682617,1
6.827906608581543,1
6.664855003356934,1
6.181368350982666,1
6.951735019683838,1
6.251636028289795,1
6.73777961730957,1
6.539223670959473,1
6.1480817794799805,1
6.704668998718262,1
6.405721664428711,1
5.950722694396973,1
6.4388628005981445,1
6.312157154083252,1
6.392186164855957,1
7.051373481750488,1
6.641934394836426,1
6.344452381134033,1
7.243430137634277,1
6.313138008117676,1
6.367524147033691,1
7.105823516845703,1
7.215963363647461,1
6.397892951965332,1
6.008713722229004,1
6.238641262054443,1
6.501791954040527,1
7.026906967163086,1
6.351762771606445,1
6.710803508758545,1
6.374939918518066,1
7.191252708435059,1
6.188666343688965,1
6.841707229614258,1
6.789093971252441,1
6.144336223602295,1
6.43333101272583,1
6.879792213439941,1
6.4207844734191895,1
6.898595809936523,1
6.156100749969482,1
6.357308387756348,1
6.388873100280762,1
6.406713485717773,1
6.315460205078125,1
6.147416114807129,1
6.247061252593994,1
6.558313846588135,1
6.392477989196777,1
6.176246643066406,1
6.611368179321289,1
6.788140296936035,1
6.514469146728516,1
6.68162727355957,1
6.573413848876953,1
6.586771011352539,1
6.530901908874512,1
6.980720520019531,1
6.501791954040527,1
6.775386333465576,1
6.979243278503418,1
6.185330867767334,1
5.836097717285156,1
6.406801700592041,1
6.216433048248291,1
6.588472366333008,1
6.096951484680176,1
7.520807266235352,1
6.629659652709961,1
6.873677730560303,1
6.686809539794922,1
6.4858503341674805,1
6.479432106018066,1
6.417822360992432,1
6.374237060546875,1
7.022528171539307,1
6.458793640136719,1
6.19170618057251,1
6.537461280822754,1
6.410036087036133,1
6.727668762207031,1
6.173890590667725,1
6.610315322875977,1
6.749607086181641,1
6.504684925079346,1
6.752326965332031,1
6.305749893188477,1
6.63156795501709,1
5.816530704498291,1
6.1894402503967285,1
6.414326190948486,1
6.375705718994141,1
6.18436861038208,1
6.442946910858154,1
6.640592575073242,1
6.379026889801025,1
6.004684925079346,1
6.733986854553223,1
6.661359786987305,1
6.443661689758301,1
5.963603973388672,1
6.629956245422363,1
6.207556247711182,1
6.335450172424316,1
6.4401068687438965,1
5.9262237548828125,1
6.3911638259887695,1
6.001633644104004,1
6.931962013244629,1
6.198311805725098,1
7.045137405395508,1
6.385869979858398,1
6.908150672912598,1
6.395254611968994,1
6.64150857925415,1
6.32635498046875,1
6.214125633239746,1
6.506053924560547,1
6.974562644958496,1
6.267315864562988,1
6.276848793029785,1
6.102590560913086,1
6.135146617889404,1
6.318260192871094,1
6.091737747192383,1
6.015637397766113,1
6.361898422241211,1
5.866272926330566,1
6.908110618591309,1
7.103544235229492,1
6.558417320251465,1
6.897727012634277,1
6.220058441162109,1
6.522558212280273,1
6.375881671905518,1
6.086285591125488,1
6.423381805419922,1
6.56694221496582,1
6.228253364562988,1
6.788196086883545,1
6.7509660720825195,1
6.6824493408203125,1
6.526627540588379,1
6.49551248550415,1
6.345573902130127,1
6.775588035583496,1
6.3129682540893555,1
6.228940010070801,1
6.3143110275268555,1
6.735317707061768,1
6.442829608917236,1
6.774993419647217,1
6.626021862030029,1
6.608353137969971,1
6.6417036056518555,1
6.573601722717285,1
6.548183917999268,1
6.364584445953369,1
6.137772083282471,1
5.972939968109131,1
6.325584888458252,1
5.835805416107178,1
5.958182334899902,1
6.649909019470215,1
5.629156112670898,1
6.581009864807129,1
6.14373779296875,1
6.744551181793213,1
6.723716735839844,1
6.415283203125,1
6.453261375427246,1
6.4765167236328125,1
6.460117340087891,1
5.661028861999512,1
6.877251625061035,1
6.333735466003418,1
6.104756832122803,1
6.452409267425537,1
6.39288330078125,1
6.924656867980957,1
6.731820583343506,1
6.226278781890869,1
6.348404884338379,1
7.148601531982422,1
6.451731204986572,1
6.20005989074707,1
6.129420280456543,1
6.764786720275879,1
6.498530387878418,1
6.339112281799316,1
7.095296859741211,1
6.275248050689697,1
6.689899921417236,1
6.579537391662598,1
6.395059585571289,1
6.562183380126953,1
6.662633895874023,1
6.622633934020996,1
5.777346134185791,1
6.213138580322266,1
6.059433937072754,1
6.460533142089844,1
7.303131103515625,1
6.499812126159668,1
6.724283218383789,1
7.168178558349609,1
6.0824785232543945,1
5.921300888061523,1
6.88928747177124,1
6.400633811950684,1
6.83646297454834,1
6.202226638793945,1
6.525877475738525,1
6.397461414337158,1
6.610727310180664,1
6.9062581062316895,1
6.8844757080078125,1
6.347751617431641,1
6.532881736755371,1
6.74141263961792,1
5.726433277130127,1
6.221047401428223,1
6.957828521728516,1
6.515963077545166,1
6.4456892013549805,1
6.86554479598999,1
6.045258522033691,1
6.4484148025512695,1
6.238044261932373,1
6.6531805992126465,1
6.431881427764893,1
6.415553092956543,1
7.253337383270264,1
6.604685306549072,1
6.628418445587158,1
6.238858699798584,1
6.545379638671875,1
5.626058578491211,1
6.554590225219727,1
6.633444309234619,1
5.925840854644775,1
6.330996513366699,1
6.97947359085083,1
6.526314735412598,1
7.180149078369141,1
6.547911167144775,1
7.014599800109863,1
6.2268805503845215,1
6.86103630065918,1
7.124493598937988,1
7.047431945800781,1
6.5238237380981445,1
6.061057090759277,1
6.48637056350708,1
5.512027740478516,1
6.53094482421875,1
7.03932523727417,1
6.4686994552612305,1
6.501369953155518,1
6.013776779174805,1
6.748793125152588,1
6.467421531677246,1
6.514261245727539,1
5.876988410949707,1
6.274233818054199,1
6.58964204788208,1
6.710579872131348,1
6.487782955169678,1
6.579595565795898,1
6.639557838439941,1
6.3407182693481445,1
6.438074111938477,1
6.053214073181152,1
6.527876853942871,1
6.437646389007568,1
6.348807334899902,1
6.514367580413818,1
6.120343208312988,1
5.870443344116211,1
6.440237998962402,1
6.29448127746582,1
6.216699600219727,1
7.154754161834717,1
6.216845512390137,1
6.434035301208496,1
6.577688217163086,1
6.617220401763916,1
6.2420244216918945,1
6.211392402648926,1
6.597992420196533,1
6.571578025817871,1
6.66668176651001,1
6.658127784729004,1
6.454364776611328,1
6.488086700439453,1
6.412328720092773,1
6.491310119628906,1
6.522917747497559,1
6.380860328674316,1
6.385318756103516,1
6.625299453735352,1
6.244948387145996,1
6.168948650360107,1
6.72892951965332,1
6.6856231689453125,1
6.472229480743408,1
6.254875183105469,1
6.929567337036133,1
6.928286075592041,1
6.352244853973389,1
6.379925727844238,1
6.5754194259643555,1
6.4608001708984375,1
6.79557991027832,1
6.404593467712402,1
6.702331066131592,1
6.136781692504883,1
6.566053867340088,1
6.439690113067627,1
6.847042083740234,1
6.419735908508301,1
6.25097131729126,1
6.1920928955078125,1
6.032800674438477,1
6.805895805358887,1
6.825387954711914,1
5.758923530578613,1
6.2158308029174805,1
6.143393516540527,1
6.730621814727783,1
5.971054553985596,1
6.164035320281982,1
6.4143290519714355,1
6.30127477645874,1
6.345896244049072,1
6.198995590209961,1
5.9109649658203125,1
5.632789611816406,1
6.113658428192139,1
7.266901016235352,1
7.912464618682861,1
6.5564374923706055,1
6.662080764770508,1
6.643828392028809,1
6.656929969787598,1
6.324319362640381,1
6.314221382141113,1
6.40687894821167,1
6.028217315673828,1
6.429914951324463,1
6.352031707763672,1
6.3645195960998535,1
6.448219299316406,1
6.710855484008789,1
6.254505157470703,1
6.0941243171691895,1
6.8317952156066895,1
6.37928581237793,1
6.386720180511475,1
6.87101936340332,1
6.472444534301758,1
6.424886226654053,1
6.5509185791015625,1
7.048312664031982,1
6.058168888092041,1
6.959890365600586,1
5.679487228393555,1
6.6877641677856445,1
6.1390156745910645,1
7.080164432525635,1
6.113830089569092,1
6.164472579956055,1
6.770379066467285,1
5.828351974487305,1
6.189980506896973,1
6.556159496307373,1
6.166604995727539,1
6.007083892822266,1
6.155930519104004,1
6.5488762855529785,1
6.5250701904296875,1
6.535655975341797,1
6.510977745056152,1
6.745331764221191,1
6.5270233154296875,1
6.903962135314941,1
6.620630264282227,1
6.398289680480957,1
6.439345836639404,1
6.099554538726807,1
6.659756660461426,1
6.786684036254883,1
6.423563003540039,1
6.866639137268066,1
6.4221577644348145,1
7.077110290527344,1
6.642614364624023,1
6.419867038726807,1
6.139088153839111,1
7.011222839355469,1
6.879752159118652,1
6.445650100708008,1
6.78508996963501,1
6.47799015045166,1
6.5991082191467285,1
6.653493881225586,1
5.713046550750732,1
6.308959007263184,1
6.093300819396973,1
6.683487892150879,1
6.2136030197143555,1
6.47606086730957,1
5.90813684463501,1
6.34942102432251,1
6.621121883392334,1
6.021045684814453,1
6.782716751098633,1
5.443032264709473,1
6.390179634094238,1
6.398674011230469,1
6.398250102996826,1
6.435681343078613,1
6.616400241851807,1
6.611307144165039,1
6.2597832679748535,1
6.492746353149414,1
5.83986234664917,1
6.508965015411377,1
6.561452388763428,1
6.661211013793945,1
6.401773452758789,1
6.378909111022949,1
6.638142108917236,1
6.695727348327637,1
6.4178924560546875,1
5.527187347412109,1
6.559184551239014,1
6.044612884521484,1
6.222927093505859,1
5.796946048736572,1
6.105576515197754,1
6.891073226928711,1
6.70576810836792,1
6.710031509399414,1
6.289031982421875,1
6.031367301940918,1
6.316755771636963,1
6.333171367645264,1
6.4707231521606445,1
6.243439674377441,1
6.053322792053223,1
6.381106376647949,1
6.459430694580078,1
6.4765424728393555,1
6.452495098114014,1
6.629839897155762,1
6.359629154205322,1
6.160798072814941,1
6.288919448852539,1
6.42108154296875,1
6.179454326629639,1
6.054355621337891,1
6.389037132263184,1
6.347973823547363,1
6.645759582519531,1
6.57430362701416,1
6.570120334625244,1
6.6987223625183105,1
6.343301296234131,1
6.467840194702148,1
6.1253252029418945,1
6.287317752838135,1
6.429471492767334,1
7.020638465881348,1
6.53949499130249,1
6.323747634887695,1
6.745945453643799,1
6.861963272094727,1
7.114919662475586,1
6.197414875030518,1
6.020113468170166,1
6.404177665710449,1
6.206424713134766,1
6.9757232666015625,1
6.463559150695801,1
6.076787948608398,1
6.569063186645508,1
6.011027812957764,1
6.852317810058594,1
6.685851097106934,1
7.022563457489014,1
6.136727333068848,1
7.109764099121094,1
6.506837368011475,1
5.91724157333374,1
6.28614616394043,1
6.958935260772705,1
6.477855205535889,1
6.680558681488037,1
7.450679779052734,1
6.552756309509277,1
6.155871391296387,1
6.151114463806152,1
6.699640274047852,1
6.68298864364624,1
5.863542079925537,1
5.748772621154785,1
6.385430335998535,1
6.909080505371094,1
6.711513519287109,1
6.499492168426514,1
6.739997863769531,1
6.554957389831543,1
6.458388805389404,1
7.1489362716674805,1
6.144354820251465,1
6.217344284057617,1
5.497990608215332,1
6.43377685546875,1
6.407832145690918,1
6.040750503540039,1
6.142301559448242,1
6.511916160583496,1
6.744569778442383,1
6.049747943878174,1
6.35150146484375,1
6.822713851928711,1
7.326807975769043,1
6.51906681060791,1
6.849813461303711,1
6.625881195068359,1
6.766098976135254,1
6.267810344696045,1
6.983193397521973,1
7.064241409301758,1
6.250533103942871,1
6.55079460144043,1
6.322454929351807,1
6.761915683746338,1
6.684004783630371,1
6.884788513183594,1
6.412370681762695,1
6.187835693359375,1
7.270589828491211,1
6.43873929977417,1
6.199182510375977,1
6.442358493804932,1
6.25669002532959,1
6.544589996337891,1
6.419434070587158,1
6.375095367431641,1
6.406304836273193,1
6.3607563972473145,1
6.399409294128418,1
6.249803066253662,1
6.8828349113464355,1
6.802729606628418,1
6.606026649475098,1
6.6902923583984375,1
6.787240982055664,1
6.639099597930908,1
6.943717002868652,1
6.171412467956543,1
6.141504287719727,1
6.389838218688965,1
6.360690593719482,1
6.0725321769714355,1
6.580706596374512,1
5.754234790802002,1
6.791982650756836,1
6.007994651794434,1
6.071601390838623,1
6.8612189292907715,1
6.223759651184082,1
6.387630462646484,1
6.706099510192871,1
6.564522743225098,1
6.447062015533447,1
6.658503532409668,1
6.653566360473633,1
6.956153392791748,1
6.263618469238281,1
7.094285488128662,1
6.672652244567871,1
6.429784297943115,1
6.496209621429443,1
6.247231483459473,1
6.270275115966797,1
6.39709997177124,1
6.522168159484863,1
6.6201372146606445,1
6.5951032638549805,1
6.541450500488281,1
6.611318111419678,1
6.4999823570251465,1
6.554737091064453,1
6.896641254425049,1
6.701386451721191,1
7.844283580780029,1
6.3307342529296875,1
6.595265865325928,1
6.014832496643066,1
6.966960430145264,1
6.219482421875,1
6.491960048675537,1
6.617679119110107,1
6.604424476623535,1
6.9922404289245605,1
6.340891361236572,1
6.058361530303955,1
5.829747676849365,1
6.728390693664551,1
6.633293151855469,1
6.534112453460693,1
6.901963710784912,1
6.679444313049316,1
6.605523109436035,1
6.149332046508789,1
6.277537822723389,1
6.372468948364258,1
6.60371732711792,1
6.946191787719727,1
6.259263515472412,1
6.344784736633301,1
6.894074440002441,1
6.4886322021484375,1
6.776400566101074,1
6.713532447814941,1
6.555593490600586,1
6.6620869636535645,1
6.209715843200684,1
6.4060258865356445,1
6.103232383728027,1
6.390737533569336,1
6.662729263305664,1
6.0464277267456055,1
6.194117069244385,1
6.158446311950684,1
5.954500198364258,1
6.218959331512451,1
6.682281494140625,1
6.524620056152344,1
6.046967506408691,1
6.759759902954102,1
6.119292736053467,1
6.525930881500244,1
6.678821563720703,1
7.034134864807129,1
5.989570140838623,1
7.268453121185303,1
6.65999174118042,1
6.646305561065674,1
5.910952091217041,1
6.284072399139404,1
6.27125883102417,1
6.483902931213379,1
6.1822967529296875,1
5.93511438369751,1
6.349640846252441,1
6.691406726837158,1
6.058478355407715,1
6.224282264709473,1
6.774820804595947,1
6.36832332611084,1
6.593781471252441,1
6.10618782043457,1
6.192442893981934,1
5.778379440307617,1
6.68009090423584,1
6.125382900238037,1
6.687018871307373,1
6.436369895935059,1
6.742220401763916,1
6.5157694816589355,1
6.402982234954834,1
6.834531307220459,1
6.051312446594238,1
6.552229881286621,1
6.753159523010254,1
6.528692245483398,1
6.228374004364014,1
6.498716354370117,1
6.434459209442139,1
6.01790714263916,1
6.153829574584961,1
6.460851669311523,1
6.117062568664551,1
6.427394866943359,1
6.3320770263671875,1
7.120509624481201,1
7.299525260925293,1
6.277937889099121,1
7.015758991241455,1
7.048859119415283,1
6.690369129180908,1
6.305023670196533,1
6.986301422119141,1
6.655129432678223,1
6.821832656860352,1
6.1440277099609375,1
6.454714775085449,1
6.627129077911377,1
6.3333868980407715,1
6.088890552520752,1
6.558543682098389,1
6.12674617767334,1
6.357589244842529,1
6.661266803741455,1
6.168734073638916,1
6.716191291809082,1
6.068638324737549,1
5.884646415710449,1
6.961963653564453,1
6.771550178527832,1
6.1392974853515625,1
6.772343635559082,1
6.726224899291992,1
6.40537166595459,1
6.379859447479248,1
5.877686023712158,1
6.796008586883545,1
6.492348670959473,1
5.950564384460449,1
6.424964427947998,1
6.745857238769531,1
5.894991874694824,1
6.117708683013916,1
6.536627292633057,1
6.166264057159424,1
6.757533073425293,1
6.2723188400268555,1
6.538967132568359,1
6.614087104797363,1
6.2894697189331055,1
6.3103790283203125,1
6.023680686950684,1
6.878580093383789,1
6.283358573913574,1
6.614739894866943,1
6.457674980163574,1
6.506824493408203,1
6.429849624633789,1
6.251373291015625,1
6.51326322555542,1
6.461216926574707,1
6.186366081237793,1
6.2411627769470215,1
6.438345432281494,1
6.2523698806762695,1
6.2596116065979,1
6.562702178955078,1
6.125351905822754,1
6.3284592628479,1
6.225494384765625,1
6.342001438140869,1
6.240408897399902,1
6.578733444213867,1
6.108494281768799,1
6.066778182983398,1
6.737600326538086,1
6.331262588500977,1
6.322153568267822,1
6.436683654785156,1
6.236999034881592,1
6.891021728515625,1
6.861555576324463,1
6.26339054107666,1
6.525454044342041,1
6.211847305297852,1
6.892811298370361,1
6.483384132385254,1
6.773612022399902,1
6.2634124755859375,1
6.335206508636475,1
6.520662307739258,1
6.059185981750488,1
6.692255973815918,1
6.797295570373535,1
6.865458011627197,1
6.17264461517334,1
6.115116119384766,1
6.199082374572754,1
6.380121231079102,1
6.340592384338379,1
6.502871990203857,1
6.545499801635742,1
6.004997730255127,1
6.583367824554443,1
6.734518527984619,1
6.881662368774414,1
7.2926201820373535,1
6.351040363311768,1
6.7042107582092285,1
6.199966907501221,1
6.525623321533203,1
6.203836441040039,1
6.587766647338867,1
6.275290489196777,1
6.923847198486328,1
6.6852006912231445,1
6.739328861236572,1
6.5676751136779785,1
6.215211868286133,1
6.203922271728516,1
6.416451454162598,1
6.767425060272217,1
6.569433689117432,1
6.485623359680176,1
6.610442638397217,1
6.812047958374023,1
6.128322124481201,1
6.3279852867126465,1
6.562544345855713,1
6.369863510131836,1
6.819221496582031,1
6.351179599761963,1
6.762360095977783,1
6.355702877044678,1
6.5988450050354,1
6.449328422546387,1
6.151288986206055,1
7.251582145690918,1
6.390500068664551,1
6.877171516418457,1
6.423710823059082,1
6.801385879516602,1
6.302778720855713,1
6.128701210021973,1
6.0907440185546875,1
6.535630226135254,1
6.3595967292785645,1
6.336302757263184,1
6.99178409576416,1
5.98248291015625,1
5.95168399810791,1
6.356695175170898,1
6.356816291809082,1
6.0200605392456055,1
6.574790000915527,1
6.78590202331543,1
6.213922500610352,1
6.212220668792725,1
6.3644022941589355,1
6.138092041015625,1
6.596639156341553,1
6.526120662689209,1
6.12821102142334,1
6.556161880493164,1
6.303957939147949,1
6.893101692199707,1
6.327872276306152,1
6.286355018615723,1
6.3008198738098145,1
6.197579383850098,1
5.811786651611328,1
6.272157192230225,1
6.089954376220703,1
6.097399711608887,1
6.246942520141602,1
6.494642734527588,1
6.36165189743042,1
6.448667526245117,1
5.9937896728515625,1
5.722623348236084,1
5.912023544311523,1
6.716650009155273,1
6.294344425201416,1
6.448962211608887,1
7.105221748352051,1
6.0032958984375,1
6.519886493682861,1
6.337628364562988,1
6.560669898986816,1
5.815879821777344,1
6.2877655029296875,1
5.844499588012695,1
6.267973899841309,1
6.1417236328125,1
6.147819995880127,1
6.260079383850098,1
6.259340763092041,1
6.520289421081543,1
6.576149940490723,1
5.904792785644531,1
6.045825004577637,1
6.356213569641113,1
6.777928352355957,1
6.090208530426025,1
6.404011249542236,1
6.795534133911133,1
6.087076187133789,1
6.4605488777160645,1
6.461184501647949,1
6.482064723968506,1
6.334551811218262,1
6.074774742126465,1
6.390103340148926,1
6.9642252922058105,1
7.0249738693237305,1
6.1989521980285645,1
6.486062049865723,1
6.395235061645508,1
6.869916915893555,1
6.906696319580078,1
6.354303359985352,1
6.707317352294922,1
6.791346549987793,1
6.576071739196777,1
6.204281330108643,1
5.8988237380981445,1
6.749031066894531,1
6.482089996337891,1
6.292460918426514,1
6.654361248016357,1
6.623960971832275,1
6.080588340759277,1
6.52268123626709,1
6.524873733520508,1
6.84366512298584,1
6.55327033996582,1
6.4420857429504395,1
5.756817817687988,1
6.27433967590332,1
6.252311706542969,1
6.37490177154541,1
6.513604164123535,1
6.2499847412109375,1
6.399101257324219,1
6.7971954345703125,1
6.219139099121094,1
6.104598045349121,1
5.933326721191406,1
6.421319007873535,1
7.3837432861328125,1
6.252748966217041,1
6.699662208557129,1
5.881051063537598,1
6.476353645324707,1
6.636166572570801,1
6.534665107727051,1
6.704078674316406,1
6.586103439331055,1
7.071467399597168,1
7.045942306518555,1
7.029851913452148,1
5.997068405151367,1
6.6293745040893555,1
6.20465087890625,1
6.301109790802002,1
6.74819278717041,1
6.231707572937012,1
5.864141464233398,1
6.75927734375,1
6.561495780944824,1
6.4926862716674805,1
6.317244529724121,1
6.754246234893799,1
6.485960006713867,1
5.91998815536499,1
6.113313674926758,1
6.322592258453369,1
6.705007553100586,1
6.341987609863281,1
6.551748275756836,1
7.131893157958984,1
7.299294471740723,1
6.827511787414551,1
6.744086265563965,1
5.580929279327393,1
6.177432060241699,1
6.419487953186035,1
6.153362274169922,1
6.019502639770508,1
6.265504360198975,1
6.120816707611084,1
6.862585067749023,1
6.366504669189453,1
6.876593589782715,1
6.994771957397461,1
6.717337608337402,1
6.761696815490723,1
6.525859832763672,1
6.184581279754639,1
6.176981449127197,1
6.046456813812256,1
6.40629768371582,1
6.321870803833008,1
6.720433712005615,1
6.5257062911987305,1
6.130827903747559,1
6.1194000244140625,1
6.519411563873291,1
6.8287200927734375,1
6.557727813720703,1
6.5928239822387695,1
6.69090461730957,1
6.491429328918457,1
7.0362396240234375,1
6.773684978485107,1
6.636563301086426,1
6.833001136779785,1
6.552536487579346,1
6.137974739074707,1
6.427911758422852,1
6.703417778015137,1
5.922314643859863,1
6.886131286621094,1
6.081854343414307,1
6.821115493774414,1
6.541902542114258,1
6.524965286254883,1
6.221634387969971,1
6.304057598114014,1
6.444715976715088,1
6.366984844207764,1
6.660902976989746,1
6.13907527923584,1
6.795510292053223,1
6.028658390045166,1
6.194925308227539,1
6.483438491821289,1
6.539246082305908,1
6.8902058601379395,1
6.524475574493408,1
6.294396877288818,1
7.064619064331055,1
6.6573896408081055,1
5.772285461425781,1
6.4269304275512695,1
6.38771915435791,1
6.652422904968262,1
6.034390926361084,1
6.559890270233154,1
6.4082136154174805,1
6.358913421630859,1
6.330286979675293,1
6.165921211242676,1
6.637614727020264,1
6.917989730834961,1
6.534062385559082,1
6.756244659423828,1
6.83549690246582,1
6.177096366882324,1
6.680839538574219,1
6.441616058349609,1
6.041540145874023,1
6.220355987548828,1
6.6441144943237305,1
6.470917224884033,1
6.303315162658691,1
6.3496174812316895,1
6.471829414367676,1
6.69685697555542,1
6.29329252243042,1
5.829223155975342,1
6.039124011993408,1
5.988015174865723,1
6.339219093322754,1
6.6506195068359375,1
6.296608924865723,1
6.1990766525268555,1
5.765608310699463,1
6.254406929016113,1
6.231707572937012,1
6.305387020111084,1
6.872984886169434,1
6.065675735473633,1
6.450010299682617,1
6.035013198852539,1
7.487725257873535,1
6.240148544311523,1
6.8025431632995605,1
6.740027904510498,1
6.163345813751221,1
6.126162528991699,1
6.230388641357422,1
6.329188346862793,1
6.624839782714844,1
6.417196273803711,1
6.166275978088379,1
6.313351631164551,1
6.23218297958374,1
6.000093460083008,1
6.7332305908203125,1
6.267730236053467,1
6.268510341644287,1
6.78281307220459,1
6.369977951049805,1
6.366035461425781,1
6.570174694061279,1
6.159429550170898,1
5.9845380783081055,1
6.843024253845215,1
6.893195152282715,1
6.716925621032715,1
6.70151424407959,1
6.496910095214844,1
6.3523712158203125,1
7.391720771789551,1
6.19710636138916,1
6.474489212036133,1
6.835710525512695,1
6.266424179077148,1
6.767683506011963,1
6.953727722167969,1
7.056046485900879,1
6.844537258148193,1
6.449485778808594,1
6.518967151641846,1
6.610957622528076,1
6.259424686431885,1
6.656552314758301,1
6.000530242919922,1
7.0722150802612305,1
6.343269348144531,1
6.28825569152832,1
7.000656604766846,1
6.881499767303467,1
6.312166690826416,1
6.579188346862793,1
6.309708118438721,1
6.460927963256836,1
6.5136027336120605,1
6.5614848136901855,1
6.577424049377441,1
6.10357141494751,1
6.776966571807861,1
6.706790447235107,1
5.988509178161621,1
6.468262672424316,1
6.529525279998779,1
6.794764518737793,1
6.031743049621582,1
6.731595039367676,1
6.2209062576293945,1
6.184484958648682,1
6.524051666259766,1
5.856703758239746,1
6.7431817054748535,1
6.683698654174805,1
6.344749450683594,1
6.278972148895264,1
6.587616443634033,1
6.242837429046631,1
6.269389629364014,1
6.448624610900879,1
6.881653785705566,1
7.160323619842529,1
6.36830997467041,1
6.5689873695373535,1
6.418363571166992,1
6.46146821975708,1
5.979106426239014,1
6.361642360687256,1
6.10886287689209,1
6.130486488342285,1
6.061811447143555,1
6.43687629699707,1
5.950896739959717,1
6.659261703491211,1
6.022052764892578,1
6.456977367401123,1
6.283994674682617,1
6.3068037033081055,1
6.589962482452393,1
6.087384223937988,1
6.305864334106445,1
6.374037742614746,1
6.6137542724609375,1
6.5574541091918945,1
6.837597370147705,1
6.572138786315918,1
6.07363748550415,1
5.542673587799072,1
6.017624855041504,1
6.189671039581299,1
6.707156181335449,1
6.783606052398682,1
6.0175323486328125,1
6.110663890838623,1
6.55132532119751,1
5.734180927276611,1
6.155754089355469,1
6.198819160461426,1
6.895496368408203,1
6.727365970611572,1
6.0530686378479,1
6.660110950469971,1
6.4865522384643555,1
6.903536796569824,1
5.957690238952637,1
6.90093469619751,1
7.62174129486084,1
6.867730140686035,1
7.039074897766113,1
6.4463791847229,1
5.869548797607422,1
6.281627655029297,1
6.808048248291016,1
5.971158027648926,1
5.818869590759277,1
6.421357154846191,1
5.930960655212402,1
6.418851852416992,1
6.64349365234375,1
6.977554798126221,1
6.360598564147949,1
6.610775470733643,1
6.286190509796143,1
6.529865741729736,1
6.351999759674072,1
6.1461029052734375,1
6.630523681640625,1
6.632554054260254,1
6.655081748962402,1
6.617853164672852,1
6.656232833862305,1
5.817480087280273,1
6.506131649017334,1
6.55679988861084,1
5.98328161239624,1
6.397597312927246,1
6.446332931518555,1
6.035624980926514,1
6.585981369018555,1
6.359127521514893,1
6.4909162521362305,1
6.80936336517334,1
6.570384502410889,1
6.574046611785889,1
6.391331672668457,1
6.71378755569458,1
6.664975166320801,1
6.995319366455078,1
6.037202835083008,1
6.699117660522461,1
6.589858531951904,1
6.333146095275879,1
6.555112838745117,1
6.553092956542969,1
6.121620178222656,1
6.620698928833008,1
6.297108173370361,1
5.846123695373535,1
6.641605377197266,1
6.132828712463379,1
6.802984714508057,1
6.811595916748047,1
6.508447647094727,1
6.024568557739258,1
6.750755786895752,1
6.327651023864746,1
7.361776351928711,1
6.171882629394531,1
6.235480308532715,1
6.437961101531982,1
6.193249225616455,1
6.426409721374512,1
6.990713119506836,1
6.536317348480225,1
6.524320125579834,1
5.796977996826172,1
6.255640983581543,1
6.569876670837402,1
6.527984619140625,1
6.590460777282715,1
6.782357692718506,1
6.341411590576172,1
6.542032241821289,1
6.18918514251709,1
6.492053985595703,1
6.88828182220459,1
5.9816484451293945,1
6.285155773162842,1
6.891599655151367,1
6.271409034729004,1
6.496213436126709,1
6.151706695556641,1
6.4419026374816895,1
6.119863986968994,1
6.612173080444336,1
6.361967086791992,1
6.467397689819336,1
6.267739772796631,1
6.552370071411133,1
6.190831184387207,1
6.337361812591553,1
6.524290084838867,1
6.339034080505371,1
6.928363800048828,1
6.585845470428467,1
6.434057235717773,1
6.110457420349121,1
6.308663368225098,1
6.1388421058654785,1
6.644396781921387,1
6.3487467765808105,1
6.519479751586914,1
6.569240093231201,1
5.858115196228027,1
6.79360818862915,1
6.261408805847168,1
6.17399787902832,1
6.397231101989746,1
6.01361608505249,1
6.732344627380371,1
6.61067533493042,1
6.4303364753723145,1
7.182232856750488,1
6.7500505447387695,1
6.021910667419434,1
6.785488128662109,1
6.617353439331055,1
6.269089698791504,1
6.7465715408325195,1
6.326662540435791,1
6.19477653503418,1
6.04367733001709,1
6.251446723937988,1
7.026950836181641,1
6.016427040100098,1
6.198007583618164,1
6.605141639709473,1
6.105600833892822,1
6.281031131744385,1
6.155464172363281,1
7.223894119262695,1
6.72976016998291,1
6.190452575683594,1
6.704588890075684,1
6.575195789337158,1
6.178130149841309,1
6.120038032531738,1
6.542561054229736,1
7.01839017868042,1
6.525239944458008,1
6.233701705932617,1
6.90703010559082,1
7.104135513305664,1
6.540103912353516,1
6.397132873535156,1
6.644796371459961,1
6.330207824707031,1
6.769134998321533,1
6.960585117340088,1
6.79044246673584,1
6.37026834487915,1
6.075631141662598,1
6.341233253479004,1
6.557486534118652,1
6.397800922393799,1
6.429963111877441,1
6.583022594451904,1
6.6382012367248535,1
6.386195182800293,1
6.378810405731201,1
6.611614227294922,1
6.487190246582031,1
6.286004066467285,1
7.038206577301025,1
6.0607428550720215,1
6.502989292144775,1
6.283737659454346,1
6.379719257354736,1
5.925096035003662,1
5.882835388183594,1
6.340546607971191,1
6.268257141113281,1
6.106115341186523,1
6.813551425933838,1
6.503009796142578,1
5.960543632507324,1
6.118575096130371,1
6.820619583129883,1
6.1444902420043945,1
6.403463363647461,1
6.205767631530762,1
6.653036117553711,1
6.780686378479004,1
6.675774097442627,1
5.709839344024658,1
6.795892238616943,1
6.695493221282959,1
6.31770133972168,1
6.427370548248291,1
6.304753303527832,1
6.330785751342773,1
6.8343329429626465,1
6.33775520324707,1
5.900969505310059,1
6.771291732788086,1
6.17706298828125,1
6.230930328369141,1
6.344455718994141,1
6.8484110832214355,1
6.6005859375,1
6.511148929595947,1
6.747459411621094,1
6.04620361328125,1
6.302669525146484,1
6.323657035827637,1
6.562718868255615,1
7.135612964630127,1
6.436992645263672,1
6.093731880187988,1
6.4884796142578125,1
6.596064567565918,1
6.302853107452393,1
6.8236613273620605,1
7.286740779876709,1
5.722113609313965,1
6.140397071838379,1
5.784849166870117,1
7.099394798278809,1
6.081856727600098,1
6.616305828094482,1
6.216170310974121,1
6.212038993835449,1
6.901363849639893,1
6.607904434204102,1
6.460649490356445,1
6.7735443115234375,1
6.872991561889648,1
6.795513153076172,1
6.080635070800781,1
6.665925979614258,1
6.646984100341797,1
6.1079254150390625,1
6.246702194213867,1
6.182634353637695,1
6.768604278564453,1
6.588847637176514,1
6.810881614685059,1
6.191571235656738,1
6.612897872924805,1
6.563704490661621,1
6.8876142501831055,1
6.827451229095459,1
6.875090599060059,1
6.4037556648254395,1
6.721282482147217,1
5.860066890716553,1
6.351047992706299,1
6.492561340332031,1
6.208455562591553,1
6.007506847381592,1
6.300118446350098,1
6.789811134338379,1
6.438286781311035,1
6.525008201599121,1
6.378013610839844,1
6.3198394775390625,1
6.314211845397949,1
6.425210475921631,1
6.4391303062438965,1
6.376124382019043,1
6.512237548828125,1
6.533531665802002,1
6.836134910583496,1
6.484078407287598,1
6.490474224090576,1
5.681721210479736,1
6.241242408752441,1
7.779642105102539,1
6.740773677825928,1
6.228330135345459,1
6.012019157409668,1
6.286713600158691,1
6.609554290771484,1
5.979242324829102,1
5.598285675048828,1
6.252155303955078,1
6.529366493225098,1
6.681417465209961,1
6.410881996154785,1
5.919062614440918,1
6.654326438903809,1
6.501020431518555,1
6.969624996185303,1
6.356207370758057,1
6.217904090881348,1
6.676896095275879,1
6.441625595092773,1
6.847965240478516,1
6.259634494781494,1
6.357413291931152,1
6.182900428771973,1
6.33309268951416,1
7.0186567306518555,1
5.951695919036865,1
6.809929847717285,1
6.011802673339844,1
6.965248107910156,1
6.5228681564331055,1
6.873822212219238,1
6.744463920593262,1
5.585410118103027,1
6.226030349731445,1
6.414018630981445,1
6.532179832458496,1
7.307510852813721,1
6.407967567443848,1
6.455216884613037,1
6.943415641784668,1
6.123708248138428,1
6.597356796264648,1
6.868684768676758,1
5.973776817321777,1
6.669896602630615,1
6.726243019104004,1
6.802243709564209,1
5.957707405090332,1
6.616084098815918,1
6.67636251449585,1
6.584130764007568,1
6.181704044342041,1
6.287972450256348,1
6.626774787902832,1
6.2747802734375,1
6.411762237548828,1
6.699705123901367,1
5.972452640533447,1
6.193356037139893,1
6.362818717956543,1
6.6093621253967285,1
6.422854900360107,1
6.335442543029785,1
6.288561820983887,1
6.345658779144287,1
6.540425777435303,1
6.485681056976318,1
6.959970951080322,1
5.9484100341796875,1
6.415987968444824,1
6.513306617736816,1
6.594176769256592,1
6.311136722564697,1
6.443699836730957,1
6.226365566253662,1
6.019598007202148,1
6.179762840270996,1
6.45060920715332,1
6.077029228210449,1
6.656214714050293,1
5.968578338623047,1
6.613790988922119,1
6.480618953704834,1
6.484743118286133,1
6.101972579956055,1
5.980496406555176,1
6.6682658195495605,1
6.452399730682373,1
5.983372211456299,1
6.199897766113281,1
6.063240051269531,1
6.187267303466797,1
6.266788482666016,1
6.246808052062988,1
6.473687648773193,1
6.492039680480957,1
6.791581153869629,1
6.126492500305176,1
6.551303386688232,1
6.325067520141602,1
6.143507480621338,1
6.385729789733887,1
6.894922256469727,1
6.333243370056152,1
5.9920196533203125,1
6.499985694885254,1
6.626575469970703,1
6.479820251464844,1
6.55792236328125,1
6.315153121948242,1
5.542646408081055,1
6.050011157989502,1
6.649183750152588,1
6.5027055740356445,1
6.063621997833252,1
6.555547714233398,1
6.693840980529785,1
6.588438987731934,1
6.328760147094727,1
5.7613725662231445,1
6.374551773071289,1
6.509538173675537,1
6.414923667907715,1
5.8831024169921875,1
6.524873733520508,1
5.924236297607422,1
6.262183666229248,1
6.048826217651367,1
6.128903388977051,1
6.159167289733887,1
6.7433271408081055,1
6.0456953048706055,1
6.702478885650635,1
6.3071184158325195,1
6.473278045654297,1
6.401379108428955,1
6.3162360191345215,1
6.614651679992676,1
6.287700176239014,1
6.048484802246094,1
6.487896919250488,1
6.496028423309326,1
5.957136154174805,1
6.044922828674316,1
6.524048805236816,1
5.851782321929932,1
5.967373847961426,1
6.526247978210449,1
6.159095764160156,1
5.949888706207275,1
6.674560546875,1
5.77200984954834,1
6.968067646026611,1
6.35198974609375,1
6.8562188148498535,1
6.445304870605469,1
7.268842697143555,1
6.513322353363037,1
6.166564464569092,1
6.737231254577637,1
6.074713706970215,1
6.14536190032959,1
6.7074294090271,1
6.727553367614746,1
6.484144687652588,1
6.6946563720703125,1
6.378708839416504,1
6.802093982696533,1
6.160326957702637,1
6.066115379333496,1
6.544439315795898,1
6.580643653869629,1
6.233222961425781,1
6.594711780548096,1
6.365002632141113,1
6.9556121826171875,1
6.755400657653809,1
6.398862838745117,1
6.368311882019043,1
6.070335388183594,1
6.839394569396973,1
6.789466381072998,1
6.826605319976807,1
6.980226993560791,1
6.884225845336914,1
6.789289474487305,1
6.196010112762451,1
5.825606822967529,1
6.181358337402344,1
6.233146667480469,1
6.201381683349609,1
6.2432966232299805,1
6.4642558097839355,1
6.670519828796387,1
6.816912651062012,1
5.816310882568359,1
6.523629188537598,1
6.415955543518066,1
6.397464752197266,1
6.416780471801758,1
6.355645656585693,1
6.94920539855957,1
5.839424133300781,1
7.060746192932129,1
6.13449764251709,1
5.919404029846191,1
6.459246635437012,1
6.412542343139648,1
6.311516284942627,1
6.021148681640625,1
6.153669357299805,1
5.6524529457092285,1
6.5224080085754395,1
6.390990257263184,1
6.61745548248291,1
6.508825778961182,1
5.908755779266357,1
6.7473649978637695,1
6.744793891906738,1
6.341883182525635,1
6.839956283569336,1
6.202892780303955,1
5.785055160522461,1
6.016036033630371,1
5.941905975341797,1
6.613896369934082,1
6.376231670379639,1
6.1844072341918945,1
6.701240539550781,1
6.597007751464844,1
6.144013404846191,1
6.471742630004883,1
5.55861759185791,1
6.269639015197754,1
6.142271041870117,1
6.382041931152344,1
6.218310356140137,1
6.721234321594238,1
6.820479869842529,1
5.79650354385376,1
6.225736618041992,1
6.234133720397949,1
6.546215534210205,1
6.3215484619140625,1
6.526569366455078,1
6.245962142944336,1
6.711315155029297,1
5.673182964324951,1
6.289759635925293,1
5.875900745391846,1
6.620030879974365,1
6.754276275634766,1
6.098331451416016,1
6.590648174285889,1
6.1846699714660645,1
6.6609601974487305,1
6.736100196838379,1
6.0988640785217285,1
6.593445777893066,1
6.049767017364502,1
6.705255508422852,1
6.212873935699463,1
6.325528621673584,1
6.5743913650512695,1
6.091739177703857,1
6.462911605834961,1
6.052844047546387,1
6.1646623611450195,1
6.110713005065918,1
6.873358726501465,1
6.742579460144043,1
6.802090644836426,1
6.181663513183594,1
6.153249263763428,1
6.441719055175781,1
6.213901519775391,1
6.954052448272705,1
6.216939926147461,1
6.7093682289123535,1
6.117666244506836,1
6.57166862487793,1
6.0154523849487305,1
6.568150997161865,1
6.675931930541992,1
6.298608303070068,1
5.461050510406494,1
5.881977081298828,1
6.458574295043945,1
6.555066108703613,1
6.288568019866943,1
6.114626884460449,1
6.075416564941406,1
7.184409141540527,1
5.882683753967285,1
5.987060546875,1
6.167498588562012,1
7.3388166427612305,1
6.427985668182373,1
6.195672988891602,1
6.306685447692871,1
5.6048054695129395,1
6.932406425476074,1
6.332319259643555,1
6.674638271331787,1
6.380523681640625,1
6.150981903076172,1
6.5343804359436035,1
6.080307960510254,1
6.584155559539795,1
7.052919864654541,1
7.035444259643555,1
6.129104137420654,1
6.5005083084106445,1
6.458767890930176,1
6.496850967407227,1
6.728654861450195,1
6.015357971191406,1
6.434296607971191,1
6.469172477722168,1
6.033639907836914,1
6.756427764892578,1
7.121425628662109,1
6.427685260772705,1
6.15476131439209,1
5.987180233001709,1
6.2094902992248535,1
6.0188398361206055,1
6.091588020324707,1
6.415292263031006,1
6.266360759735107,1
6.235213279724121,1
6.056184768676758,1
6.416520595550537,1
6.375755310058594,1
6.405647277832031,1
6.392058849334717,1
6.542144298553467,1
5.860507965087891,1
5.61841344833374,1
7.253175258636475,1
6.120098114013672,1
5.938039779663086,1
6.354703903198242,1
6.589344024658203,1
5.98396635055542,1
6.104307651519775,1
5.723901748657227,1
6.563412666320801,1
6.416497230529785,1
6.485821723937988,1
6.302104949951172,1
6.143725872039795,1
6.551334381103516,1
6.001529693603516,1
6.679207801818848,1
6.720823287963867,1
6.446979522705078,1
6.677740097045898,1
5.994743347167969,1
6.001075267791748,1
6.494434833526611,1
7.121159076690674,1
6.806113243103027,1
6.637423992156982,1
6.252588748931885,1
6.512426376342773,1
6.150485992431641,1
6.600340366363525,1
6.994968414306641,1
6.738384246826172,1
6.596932411193848,1
6.152044296264648,1
5.712582588195801,1
6.681504249572754,1
6.2445831298828125,1
6.434074401855469,1
6.109452724456787,1
6.498157501220703,1
6.335146903991699,1
6.648260116577148,1
6.206788063049316,1
6.390688896179199,1
6.854715824127197,1
6.884953022003174,1
6.208225727081299,1
6.601618766784668,1
6.582969665527344,1
6.69668436050415,1
6.436513423919678,1
6.226049423217773,1
6.301084995269775,1
6.32234001159668,1
5.671800136566162,1
6.695748329162598,1
7.1175923347473145,1
6.156975746154785,1
6.834301471710205,1
5.699557304382324,1
6.021869659423828,1
6.6781721115112305,1
6.319042205810547,1
6.134603500366211,1
6.509490013122559,1
6.451568603515625,1
6.335247993469238,1
6.308516502380371,1
6.549912452697754,1
6.224574565887451,1
6.993258953094482,1
6.37824010848999,1
6.70076847076416,1
6.432045936584473,1
6.277710914611816,1
5.906612396240234,1
6.389858722686768,1
6.535386085510254,1
6.296927452087402,1
6.339536666870117,1
6.28354549407959,1
6.393876552581787,1
6.747819900512695,1
5.941905975341797,1
5.647390365600586,1
6.33226203918457,1
5.93477725982666,1
6.5622148513793945,1
6.195065021514893,1
5.979218482971191,1
6.156135082244873,1
6.2184529304504395,1
5.942035675048828,1
6.314026832580566,1
5.9544997215271,1
6.276485443115234,1
6.305638313293457,1
6.043230056762695,1
5.480950832366943,1
6.572807788848877,1
6.605833053588867,1
6.034908294677734,1
6.062631607055664,1
6.795857906341553,1
6.1580610275268555,1
6.346545219421387,1
6.69458532333374,1
7.252608299255371,1
6.090539932250977,1
6.43079137802124,1
6.063472747802734,1
6.721980571746826,1
7.101967811584473,1
6.970870018005371,1
5.736899375915527,1
6.376453399658203,1
6.664708137512207,1
6.526126861572266,1
6.726730823516846,1
6.50394344329834,1
5.9718523025512695,1
6.795598983764648,1
6.427638053894043,1
5.5856709480285645,1
5.832431793212891,1
6.20728874206543,1
6.241579532623291,1
6.526922225952148,1
5.99363899230957,1
6.444718360900879,1
6.797551155090332,1
6.376801013946533,1
6.29280424118042,1
6.40631103515625,1
6.377514839172363,1
6.606494903564453,1
6.422480583190918,1
6.206624507904053,1
6.141129493713379,1
6.574957847595215,1
6.265684127807617,1
6.704895973205566,1
6.947288513183594,1
6.487961769104004,1
6.888789176940918,1
6.294251441955566,1
6.661036491394043,1
6.150064468383789,1
6.027467250823975,1
6.42429780960083,1
6.564252853393555,1
6.290660858154297,1
6.781012535095215,1
5.998354911804199,1
6.290106296539307,1
6.272238731384277,1
6.554759979248047,1
6.40704345703125,1
6.551427364349365,1
6.547125816345215,1
6.3749613761901855,1
6.697777271270752,1
6.104352951049805,1
6.236024856567383,1
5.89758825302124,1
6.7367143630981445,1
6.537714958190918,1
5.8144636154174805,1
6.605461597442627,1
6.495029926300049,1
6.278517723083496,1
6.1754937171936035,1
6.191225051879883,1
6.353055000305176,1
6.76031494140625,1
7.006715774536133,1
6.47833776473999,1
6.491212368011475,1
6.484564781188965,1
6.302412986755371,1
6.451645374298096,1
6.18301248550415,1
6.303393363952637,1
6.271416664123535,1
6.345967769622803,1
6.06303596496582,1
6.365736961364746,1
6.169696807861328,1
6.825187683105469,1
6.431504249572754,1
6.51512336730957,1
7.1614813804626465,1
6.770392417907715,1
6.705568313598633,1
6.280724048614502,1
6.914975166320801,1
6.255976676940918,1
6.733804702758789,1
5.733196258544922,1
6.5669732093811035,1
6.388754844665527,1
6.189798355102539,1
6.564836502075195,1
6.509372711181641,1
6.323068141937256,1
6.44612979888916,1
5.6665940284729,1
6.546504974365234,1
7.260702133178711,1
6.710085391998291,1
6.189205169677734,1
6.665981769561768,1
6.393350124359131,1
6.618865013122559,1
6.707194805145264,1
6.314102649688721,1
6.517325401306152,1
5.780777931213379,1
5.976044178009033,1
6.164341926574707,1
6.494977951049805,1
6.574553966522217,1
6.342296600341797,1
6.353318214416504,1
6.098110198974609,1
6.541898727416992,1
6.376233100891113,1
6.677456378936768,1
6.13641357421875,1
6.824018955230713,1
6.188922882080078,1
5.559879302978516,1
7.039705276489258,1
6.7465338706970215,1
6.312369346618652,1
7.082132816314697,1
6.371005058288574,1
6.172520637512207,1
5.834414005279541,1
6.687553405761719,1
6.584036827087402,1
6.452145576477051,1
6.3390302658081055,1
6.170176029205322,1
6.412410736083984,1
5.8273186683654785,1
6.313575744628906,1
6.245424270629883,1
6.499090671539307,1
5.7697038650512695,1
6.856932163238525,1
6.2213616371154785,1
6.346845626831055,1
6.184042453765869,1
6.067791938781738,1
6.2698588371276855,1
5.912197589874268,1
6.192113399505615,1
7.07241153717041,1
6.438420295715332,1
6.371309280395508,1
6.459240436553955,1
5.993371486663818,1
6.223730564117432,1
6.626889228820801,1
6.586103439331055,1
6.646866798400879,1
6.777711391448975,1
6.5637688636779785,1
5.852230072021484,1
5.708019256591797,1
6.7505998611450195,1
6.134130477905273,1
6.36445426940918,1
5.400734901428223,1
6.783069133758545,1
6.445710182189941,1
6.638513565063477,1
5.797284126281738,1
6.947257995605469,1
6.105754375457764,1
6.692656517028809,1
6.128011703491211,1
6.050436973571777,1
6.720311641693115,1
6.052372932434082,1
6.290911674499512,1
6.617116451263428,1
6.405747413635254,1
6.416460037231445,1
6.294890403747559,1
6.555737018585205,1
6.463805198669434,1
6.340916633605957,1
6.087904930114746,1
6.282384872436523,1
6.250266075134277,1
6.2660980224609375,1
6.432909965515137,1
6.2325439453125,1
6.0388617515563965,1
6.298271656036377,1
7.025881767272949,1
6.048946857452393,1
6.181229591369629,1
6.897470474243164,1
6.541362762451172,1
6.656859397888184,1
6.676025390625,1
6.091563701629639,1
6.171010494232178,1
6.671271800994873,1
6.104182243347168,1
6.483392238616943,1
6.000518798828125,1
6.354394912719727,1
6.43458366394043,1
6.227490425109863,1
6.683487892150879,1
6.446115493774414,1
6.466655731201172,1
6.535617828369141,1
6.47381591796875,1
6.239583969116211,1
6.5918498039245605,1
6.363119602203369,1
6.822456359863281,1
6.283517837524414,1
6.805375576019287,1
6.33937931060791,1
7.122402191162109,1
6.330079078674316,1
6.634418487548828,1
6.530678749084473,1
6.160334587097168,1
6.974936485290527,1
6.233943939208984,1
6.449007034301758,1
6.466071605682373,1
6.495043754577637,1
6.788019180297852,1
5.81471061706543,1
6.36605167388916,1
6.959529876708984,1
6.443819999694824,1
6.840146064758301,1
6.725961685180664,1
6.678441524505615,1
5.924365043640137,1
6.367040157318115,1
6.1809797286987305,1
6.241535186767578,1
6.464616775512695,1
6.130265235900879,1
6.619950294494629,1
6.390351295471191,1
5.946303367614746,1
6.779862880706787,1
6.505768775939941,1
6.1939239501953125,1
6.413201332092285,1
6.027019500732422,1
6.201138496398926,1
5.90972900390625,1
6.320527076721191,1
6.809460639953613,1
6.384581565856934,1
6.160858631134033,1
6.355506896972656,1
6.580161094665527,1
6.337661266326904,1
6.487988471984863,1
7.075252056121826,1
6.3337531089782715,1
6.643287658691406,1
5.773340225219727,1
5.946557521820068,1
6.021557807922363,1
6.310542106628418,1
5.896498680114746,1
6.556262969970703,1
5.913937091827393,1
6.256499290466309,1
6.5259480476379395,1
6.530215740203857,1
6.35872220993042,1
6.496880531311035,1
6.434372901916504,1
6.615488052368164,1
6.54894495010376,1
6.649785041809082,1
6.402126312255859,1
6.858384609222412,1
6.057405471801758,1
6.155228614807129,1
6.169958591461182,1
6.4147138595581055,1
6.4543843269348145,1
6.42312479019165,1
6.67996072769165,1
6.393632888793945,1
6.3452653884887695,1
6.427929878234863,1
6.264925003051758,1
5.9368438720703125,1
6.750187873840332,1
6.302702903747559,1
5.946286201477051,1
6.190914630889893,1
6.570350170135498,1
6.103743076324463,1
6.500049114227295,1
6.5931501388549805,1
6.439581871032715,1
6.39360237121582,1
6.4138641357421875,1
6.28635311126709,1
6.896405220031738,1
6.534768581390381,1
6.81595516204834,1
6.420960903167725,1
6.950263500213623,1
6.115952491760254,1
5.901259422302246,1
6.537451267242432,1
6.665430545806885,1
6.43643856048584,1
6.892056465148926,1
6.107801914215088,1
5.566521167755127,1
6.823487281799316,1
6.936733245849609,1
6.184617519378662,1
6.625479698181152,1
6.235004901885986,1
6.090488433837891,1
6.5420451164245605,1
6.552840232849121,1
6.671694278717041,1
6.516902446746826,1
6.109931945800781,1
6.470426559448242,1
6.515369892120361,1
6.528879165649414,1
6.467306137084961,1
6.025327682495117,1
6.948528289794922,1
6.56653356552124,1
7.035858154296875,1
6.833347320556641,1
5.972039222717285,1
6.299630165100098,1
6.342670440673828,1
6.307605266571045,1
6.398399353027344,1
7.080080032348633,1
6.333497524261475,1
6.716319561004639,1
6.863081932067871,1
6.269379615783691,1
6.3278045654296875,1
6.261838912963867,1
6.200138092041016,1
6.3008317947387695,1
6.461350917816162,1
6.346892833709717,1
6.972653388977051,1
6.122953414916992,1
6.083295822143555,1
6.279675483703613,1
5.905701160430908,1
6.693346977233887,1
6.147471904754639,1
6.3782429695129395,1
5.9258575439453125,1
7.252852916717529,1
5.878448963165283,1
6.892857074737549,1
6.6409807205200195,1
6.517317295074463,1
5.95102596282959,1
6.425841808319092,1
6.3315629959106445,1
7.458036422729492,1
6.335908889770508,1
6.594834327697754,1
6.072222709655762,1
5.833230495452881,1
6.3054609298706055,1
6.090172290802002,1
6.637306213378906,1
6.8865156173706055,1
6.346338272094727,1
6.205199241638184,1
6.443120002746582,1
6.6719770431518555,1
6.131746292114258,1
6.310468673706055,1
6.1258955001831055,1
6.262788772583008,1
5.74721622467041,1
6.369468688964844,1
6.708454132080078,1
6.552052974700928,1
6.322854995727539,1
6.859563827514648,1
6.466752052307129,1
6.167740345001221,1
6.271109580993652,1
6.13217830657959,1
6.878023147583008,1
6.908721446990967,1
6.821008682250977,1
6.23311710357666,1
6.193226337432861,1
6.038295745849609,1
7.33881950378418,1
5.894961357116699,1
7.069466590881348,1
6.800252914428711,1
7.096067428588867,1
5.549665927886963,1
6.212108612060547,1
6.572537899017334,1
6.513086795806885,1
6.556415557861328,1
6.592706203460693,1
5.963921546936035,1
5.8775634765625,1
6.054586410522461,1
6.151442527770996,1
6.414651870727539,1
6.577897071838379,1
6.194902420043945,1
6.081009387969971,1
6.570549964904785,1
6.288592338562012,1
6.353767395019531,1
6.426612854003906,1
6.440447807312012,1
6.34665060043335,1
6.600256443023682,1
6.1769609451293945,1
6.355456352233887,1
7.0963239669799805,1
6.615499973297119,1
6.256791591644287,1
5.897206783294678,1
6.821608543395996,1
6.512179851531982,1
6.563896656036377,1
6.316405773162842,1
6.891888618469238,1
6.585803985595703,1
6.560029029846191,1
6.145955562591553,1
6.587644577026367,1
6.289108753204346,1
6.195216178894043,1
6.472291469573975,1
6.465106010437012,1
5.558235168457031,1
6.473825454711914,1
6.231227397918701,1
6.412230968475342,1
6.274416923522949,1
6.692690372467041,1
6.081379413604736,1
6.1917195320129395,1
6.447019577026367,1
6.37309455871582,1
6.261137008666992,1
6.50078821182251,1
6.264798641204834,1
6.322027206420898,1
6.4168291091918945,1
6.489065170288086,1
6.105227470397949,1
6.7696757316589355,1
6.351532459259033,1
6.624209880828857,1
6.025933265686035,1
6.390711784362793,1
6.583953857421875,1
6.000354766845703,1
6.648896217346191,1
5.644500732421875,1
6.536999225616455,1
5.934865474700928,1
6.615715026855469,1
6.2410664558410645,1
5.740062713623047,1
6.166990756988525,1
6.712374210357666,1
6.1897478103637695,1
7.3618388175964355,1
7.127954483032227,1
6.322146415710449,1
6.404483795166016,1
6.879222869873047,1
6.564038276672363,1
6.074117183685303,1
6.3657331466674805,1
6.628127574920654,1
6.59556770324707,1
5.988351821899414,1
6.2315673828125,1
6.060061931610107,1
6.865619659423828,1
6.170083522796631,1
6.825051307678223,1
6.741137981414795,1
6.3748459815979,1
6.4154510498046875,1
6.432583332061768,1
6.295419216156006,1
6.287777900695801,1
6.692682266235352,1
6.050544738769531,1
5.744619369506836,1
7.152591228485107,1
6.273554801940918,1
6.241031646728516,1
6.189322471618652,1
5.786073684692383,1
6.332192420959473,1
6.2887067794799805,1
6.689242839813232,1
6.35239315032959,1
6.751923561096191,1
6.12812614440918,1
6.384396553039551,1
6.645938873291016,1
5.782767295837402,1
6.401114463806152,1
6.2453293800354,1
6.191773891448975,1
6.772429466247559,1
6.333043098449707,1
5.755561828613281,1
5.934763431549072,1
6.418270111083984,1
6.669622421264648,1
6.66269063949585,1
6.412467956542969,1
7.016274929046631,1
6.379792213439941,1
6.26663875579834,1
6.537827491760254,1
6.403018951416016,1
6.670914649963379,1
6.4076619148254395,1
6.651215553283691,1
7.097542762756348,1
6.142643451690674,1
7.263217449188232,1
6.108328819274902,1
6.166534423828125,1
6.454900741577148,1
5.915696144104004,1
6.444136142730713,1
6.905063629150391,1
6.268765926361084,1
6.687028884887695,1
6.298678874969482,1
6.065061092376709,1
6.171708583831787,1
6.44993782043457,1
6.3730597496032715,1
6.1696672439575195,1
6.195694446563721,1
6.59065055847168,1
5.857138633728027,1
6.547609806060791,1
6.637297630310059,1
6.997622966766357,1
6.37656307220459,1
6.080320835113525,1
6.01931095123291,1
6.215404033660889,1
6.950456619262695,1
6.432255744934082,1
5.694640636444092,1
6.54102897644043,1
6.200395584106445,1
6.812358856201172,1
6.684868335723877,1
6.73017692565918,1
6.435641288757324,1
6.0635809898376465,1
6.377054691314697,1
6.283462047576904,1
6.124595642089844,1
7.012849807739258,1
6.506585121154785,1
5.941764831542969,1
7.133340835571289,1
6.478307247161865,1
5.1648335456848145,1
5.811219215393066,1
6.16973876953125,1
6.084654808044434,1
7.058244705200195,1
6.533940315246582,1
7.277584075927734,1
6.298130989074707,1
6.4422502517700195,1
6.667240619659424,1
6.128046989440918,1
6.562417984008789,1
5.744832992553711,1
6.2925705909729,1
6.310442924499512,1
6.246793746948242,1
6.398456573486328,1
6.38364839553833,1
6.21014404296875,1
6.467920303344727,1
6.637488842010498,1
6.302981376647949,1
6.484648704528809,1
6.526947975158691,1
6.32634162902832,1
6.101724624633789,1
6.291740417480469,1
6.472586631774902,1
6.330573081970215,1
6.3814897537231445,1
6.236346244812012,1
6.3541460037231445,1
6.448068618774414,1
6.764677047729492,1
6.741335868835449,1
6.172269821166992,1
6.042296409606934,1
6.123955726623535,1
5.990035057067871,1
6.369989395141602,1
6.383067607879639,1
6.415656566619873,1
5.914881706237793,1
6.312397480010986,1
6.351694107055664,1
6.745710372924805,1
6.731743812561035,1
6.4399871826171875,1
6.522092819213867,1
6.393745422363281,1
6.400028228759766,1
6.472263813018799,1
6.679553031921387,1
5.988990783691406,1
6.046527862548828,1
6.792686462402344,1
7.356110095977783,1
6.707942962646484,1
6.235350608825684,1
5.728473663330078,1
6.395662307739258,1
6.384726524353027,1
6.258085250854492,1
6.263118743896484,1
6.888405799865723,1
6.615218162536621,1
6.429234504699707,1
6.389078140258789,1
6.075943946838379,1
6.792782783508301,1
6.3894572257995605,1
6.530786037445068,1
6.659145355224609,1
6.480843544006348,1
5.8461408615112305,1
5.962615966796875,1
6.770442008972168,1
6.477373123168945,1
6.504594802856445,1
5.956871509552002,1
6.534806251525879,1
6.350219249725342,1
6.798305511474609,1
6.008184909820557,1
6.317873001098633,1
6.211282730102539,1
6.139348983764648,1
5.7849836349487305,1
6.426762580871582,1
6.104450225830078,1
6.643058776855469,1
6.555675029754639,1
5.868237495422363,1
5.638496398925781,1
7.15285062789917,1
6.236932754516602,1
6.188314914703369,1
6.271152496337891,1
6.284575462341309,1
6.506659030914307,1
6.06632137298584,1
6.360737323760986,1
6.19404935836792,1
6.798117637634277,1
6.44403076171875,1
6.7071757316589355,1
5.55512809753418,1
6.6635003089904785,1
6.292649269104004,1
6.145299911499023,1
5.5054426193237305,1
6.278114318847656,1
6.415829658508301,1
6.380699157714844,1
6.23581075668335,1
6.829105377197266,1
6.325796604156494,1
6.599228858947754,1
6.529329299926758,1
6.5285539627075195,1
7.056366920471191,1
6.919769287109375,1
6.17585563659668,1
6.123305320739746,1
5.999686241149902,1
6.522093772888184,1
6.017460823059082,1
6.054831504821777,1
6.455599784851074,1
5.953258514404297,1
6.628469467163086,1
6.313164710998535,1
6.543776512145996,1
7.297362327575684,1
6.5629682540893555,1
6.618036270141602,1
6.038020610809326,1
6.659853935241699,1
6.147727012634277,1
7.242234230041504,1
6.673398017883301,1
6.047202110290527,1
6.517915725708008,1
6.921775817871094,1
7.2601776123046875,1
6.453896522521973,1
6.427235126495361,1
6.191843509674072,1
6.745406627655029,1
6.150107383728027,1
6.268892765045166,1
5.984461784362793,1
5.694121360778809,1
6.207956314086914,1
5.8432769775390625,1
5.955259323120117,1
6.750283241271973,1
7.304514408111572,1
6.040491580963135,1
6.358223915100098,1
7.299973011016846,1
6.036876678466797,1
6.587181091308594,1
5.899632453918457,1
6.8358073234558105,1
5.796274185180664,1
6.652131080627441,1
6.85266637802124,1
6.439454078674316,1
6.208762168884277,1
6.832776069641113,1
6.6164093017578125,1
6.283725738525391,1
6.1297197341918945,1
5.975946426391602,1
6.423585891723633,1
6.105738639831543,1
5.802210807800293,1
6.366154193878174,1
5.916088581085205,1
6.536427974700928,1
6.078514099121094,1
7.090887069702148,1
6.260878562927246,1
6.228615760803223,1
6.977438926696777,1
6.448888778686523,1
6.388035774230957,1
6.140067100524902,1
6.130214691162109,1
7.002957820892334,1
6.521247863769531,1
6.501777648925781,1
6.437037944793701,1
6.355595588684082,1
5.817879676818848,1
6.029192924499512,1
6.54083776473999,1
6.7000508308410645,1
6.600771903991699,1
6.782527446746826,1
6.333896636962891,1
6.678345680236816,1
6.3244194984436035,1
7.378656387329102,1
6.85975456237793,1
6.460482597351074,1
6.4922404289245605,1
6.058094024658203,1
6.459406852722168,1
5.580575466156006,1
6.053262233734131,1
6.306341171264648,1
6.748737335205078,1
6.167386054992676,1
6.786529064178467,1
6.364962100982666,1
5.633321762084961,1
6.175417423248291,1
6.143926620483398,1
5.789186000823975,1
6.2292327880859375,1
6.6861162185668945,1
6.473881721496582,1
5.950814247131348,1
7.361677646636963,1
6.208364009857178,1
6.032386779785156,1
6.781923294067383,1
6.054553985595703,1
6.220147609710693,1
7.119020938873291,1
6.613714218139648,1
6.551078796386719,1
6.555896759033203,1
6.066165924072266,1
4.922269344329834,1
6.693499565124512,1
5.955562114715576,1
5.833940505981445,1
6.378636360168457,1
6.037351608276367,1
6.5196428298950195,1
6.330319881439209,1
5.989711761474609,1
6.897824287414551,1
6.380033493041992,1
6.553088665008545,1
6.247574329376221,1
6.115880966186523,1
6.295555591583252,1
6.226731300354004,1
6.935851097106934,1
6.951359748840332,1
6.258177280426025,1
5.501258850097656,1
6.12526273727417,1
6.158588886260986,1
6.4652252197265625,1
6.98593807220459,1
6.421128749847412,1
6.907351493835449,1
7.132765769958496,1
6.361819744110107,1
6.403364658355713,1
6.367300510406494,1
6.9264349937438965,1
6.470802307128906,1
6.221451759338379,1
6.515622138977051,1
6.498907089233398,1
6.746294975280762,1
6.224618911743164,1
6.388265609741211,1
6.913219928741455,1
6.2457990646362305,1
6.0806355476379395,1
6.729222774505615,1
6.7639336585998535,1
6.426052093505859,1
6.299233436584473,1
5.979886531829834,1
6.365621566772461,1
5.738737106323242,1
6.565589904785156,1
6.269588470458984,1
7.079534530639648,1
6.591306209564209,1
6.466009140014648,1
6.482564926147461,1
6.160926342010498,1
7.118574142456055,1
6.600301742553711,1
6.422214031219482,1
6.647964954376221,1
6.363661289215088,1
5.9852614402771,1
6.51882266998291,1
6.519423484802246,1
6.2665252685546875,1
6.226376056671143,1
6.378890037536621,1
6.015212059020996,1
6.318594455718994,1
6.529568672180176,1
7.180053234100342,1
6.47136116027832,1
6.755997180938721,1
6.147876262664795,1
6.401806831359863,1
6.32486629486084,1
6.311629772186279,1
6.210851669311523,1
6.650557994842529,1
6.232223033905029,1
6.067041873931885,1
5.657573699951172,1
5.969830513000488,1
6.18267822265625,1
6.356949329376221,1
6.361319541931152,1
5.968742847442627,1
6.374868392944336,1
6.5077805519104,1
5.8859124183654785,1
6.595428466796875,1
5.711909294128418,1
6.302064418792725,1
6.346868991851807,1
6.940263748168945,1
6.262389183044434,1
6.228524684906006,1
6.236339092254639,1
6.033147811889648,1
5.958000183105469,1
6.609453201293945,1
6.296526908874512,1
6.1302595138549805,1
6.5186967849731445,1
6.354981422424316,1
6.6205949783325195,1
6.852771282196045,1
6.204304218292236,1
6.397324085235596,1
6.644634246826172,1
6.520965576171875,1
6.588468074798584,1
6.2889404296875,1
6.802328586578369,1
6.824156284332275,1
6.698278903961182,1
6.568449020385742,1
6.070674419403076,1
6.0674920082092285,1
6.590454578399658,1
6.294250011444092,1
6.369983673095703,1
6.484706878662109,1
6.305556297302246,1
6.25789737701416,1
6.158195495605469,1
6.507052421569824,1
6.306439399719238,1
6.796095848083496,1
6.467063903808594,1
6.012266159057617,1
6.477504253387451,1
6.643126964569092,1
6.526986122131348,1
6.260085582733154,1
6.507884979248047,1
6.388222694396973,1
6.489786148071289,1
6.14707612991333,1
6.383458614349365,1
6.509792327880859,1
6.299756050109863,1
6.859241962432861,1
6.6795244216918945,1
6.776700973510742,1
6.2221221923828125,1
6.931356430053711,1
6.0878190994262695,1
6.071286201477051,1
6.657727241516113,1
6.07947301864624,1
6.331419467926025,1
6.057735919952393,1
6.375016212463379,1
6.055743217468262,1
6.5019683837890625,1
6.3619489669799805,1
6.558770179748535,1
6.584414482116699,1
6.111778259277344,1
5.967942237854004,1
6.593962669372559,1
6.12111759185791,1
6.784557342529297,1
6.313726902008057,1
6.581748008728027,1
6.172527313232422,1
6.34022331237793,1
5.970090866088867,1
6.695863723754883,1
6.54957914352417,1
6.274403095245361,1
6.311578273773193,1
6.509820461273193,1
6.551001071929932,1
6.698398113250732,1
6.170738697052002,1
6.746410369873047,1
6.479482650756836,1
6.452226638793945,1
6.561575889587402,1
6.252052307128906,1
6.834415435791016,1
6.479016304016113,1
7.015649318695068,1
6.41733980178833,1
5.8303728103637695,1
6.524523735046387,1
6.198673725128174,1
6.250936508178711,1
6.338561058044434,1
6.512642860412598,1
6.765453338623047,1
6.367886543273926,1
6.528372764587402,1
6.072666168212891,1
6.343234062194824,1
6.596108436584473,1
6.30776834487915,1
6.864221572875977,1
6.537538528442383,1
6.43430757522583,1
6.56981086730957,1
6.312734603881836,1
6.3091840744018555,1
6.480769157409668,1
6.764188289642334,1
6.758454322814941,1
6.921067237854004,1
6.843634128570557,1
6.309356689453125,1
6.202892780303955,1
6.07271146774292,1
6.016572952270508,1
6.41117525100708,1
5.938758850097656,1
6.340341567993164,1
6.486353397369385,1
6.3745574951171875,1
6.457790374755859,1
6.098001480102539,1
6.321885585784912,1
6.187364101409912,1
6.028517723083496,1
6.32427978515625,1
6.31755256652832,1
6.2494940757751465,1
5.951948642730713,1
6.507111549377441,1
6.0211968421936035,1
5.975560188293457,1
6.267221450805664,1
5.986115455627441,1
5.863002777099609,1
6.057458877563477,1
6.044045448303223,1
6.671440601348877,1
6.264892578125,1
5.7998456954956055,1
6.69154167175293,1
5.777109146118164,1
6.5093674659729,1
6.719648361206055,1
6.969653129577637,1
6.205674648284912,1
6.018061637878418,1
6.076712131500244,1
6.695173740386963,1
6.318329811096191,1
6.410530090332031,1
6.165549278259277,1
6.404031753540039,1
7.217676639556885,1
6.885270595550537,1
7.183311462402344,1
6.664365291595459,1
5.34799861907959,1
6.376910209655762,1
7.154519081115723,1
5.887673377990723,1
5.732819557189941,1
5.900054454803467,1
6.611208438873291,1
6.660346984863281,1
6.23555850982666,1
6.452675819396973,1
6.55989933013916,1
6.3223371505737305,1
6.393239974975586,1
6.076093673706055,1
6.718148231506348,1
6.167837619781494,1
6.520558834075928,1
5.987842559814453,1
5.878039360046387,1
6.629528045654297,1
6.227980136871338,1
6.1436991691589355,1
6.841456413269043,1
6.664833068847656,1
6.550967216491699,1
6.3312249183654785,1
7.054927825927734,1
6.070569038391113,1
6.376748085021973,1
7.211583614349365,1
5.846833229064941,1
6.192445755004883,1
6.286508560180664,1
6.42500114440918,1
5.859152317047119,1
7.122403144836426,1
6.054930686950684,1
6.154050827026367,1
6.6206464767456055,1
5.974869251251221,1
6.252044677734375,1
6.121086597442627,1
7.064206600189209,1
6.448166847229004,1
6.561882972717285,1
7.034316062927246,1
6.4704108238220215,1
5.76619815826416,1
6.278894901275635,1
6.297361373901367,1
6.252707481384277,1
7.183238983154297,1
6.125799179077148,1
6.378897666931152,1
6.342853546142578,1
7.3709282875061035,1
5.936675071716309,1
5.8222761154174805,1
6.070591926574707,1
6.635527610778809,1
5.714362144470215,1
6.72828483581543,1
5.793542861938477,1
5.489328384399414,1
6.250047206878662,1
6.176299571990967,1
5.825185775756836,1
6.3221635818481445,1
6.840570449829102,1
7.179823875427246,1
6.4905805587768555,1
6.357677936553955,1
6.024971008300781,1
6.456849575042725,1
6.306763648986816,1
5.864875793457031,1
6.661657810211182,1
6.225537300109863,1
6.5539374351501465,1
6.41711950302124,1
6.014777183532715,1
6.072612285614014,1
6.367161273956299,1
6.341028213500977,1
6.006136894226074,1
6.101550102233887,1
5.768678188323975,1
6.359503269195557,1
6.666080474853516,1
5.959228992462158,1
6.2048139572143555,1
7.039046287536621,1
6.3397016525268555,1
6.3337788581848145,1
6.822193145751953,1
6.430395603179932,1
6.430701732635498,1
6.1510162353515625,1
6.022792339324951,1
6.078865051269531,1
6.490746021270752,1
5.870140075683594,1
6.227137565612793,1
6.476700782775879,1
6.070486068725586,1
6.4876813888549805,1
5.767819404602051,1
6.238286018371582,1
5.88080358505249,1
6.376902103424072,1
6.495138168334961,1
5.73414421081543,1
6.7889556884765625,1
6.784175872802734,1
6.430973052978516,1
6.254326820373535,1
6.448685646057129,1
6.846866607666016,1
6.2048163414001465,1
6.3248162269592285,1
6.441246032714844,1
5.922055244445801,1
6.419088840484619,1
6.0328779220581055,1
6.049532413482666,1
6.104423522949219,1
6.0853729248046875,1
6.589975357055664,1
7.0048933029174805,1
6.718456268310547,1
6.6652116775512695,1
5.723779678344727,1
6.697833061218262,1
6.744198322296143,1
5.970555782318115,1
6.272156715393066,1
5.765166282653809,1
6.0912184715271,1
6.06053352355957,1
6.528022289276123,1
6.128551959991455,1
6.081528186798096,1
6.514545440673828,1
5.651594161987305,1
6.399131774902344,1
6.509731292724609,1
6.127615451812744,1
7.0476789474487305,1
6.9373860359191895,1
6.761959552764893,1
6.71701192855835,1
5.5950164794921875,1
7.05844783782959,1
6.365080833435059,1
6.115516662597656,1
5.660559177398682,1
6.540419101715088,1
6.2027387619018555,1
6.204085350036621,1
5.996731758117676,1
6.546098709106445,1
6.364899158477783,1
6.476449966430664,1
6.1637043952941895,1
6.473872184753418,1
5.881864547729492,1
6.609162330627441,1
6.837541580200195,1
6.332633972167969,1
6.789155960083008,1
6.559106826782227,1
6.170557022094727,1
5.7875590324401855,1
6.449751853942871,1
6.93514347076416,1
6.783966064453125,1
6.21600341796875,1
5.866677761077881,1
7.123288154602051,1
6.259704113006592,1
6.258988857269287,1
6.734580039978027,1
6.268999099731445,1
6.0530266761779785,1
6.102474689483643,1
6.339441299438477,1
6.271209716796875,1
7.05899715423584,1
6.043099403381348,1
6.170694351196289,1
5.851075172424316,1
6.463699817657471,1
6.588142395019531,1
6.144789695739746,1
6.477203369140625,1
7.376049995422363,1
6.4956159591674805,1
5.989017009735107,1
6.556846618652344,1
5.998618125915527,1
5.953243255615234,1
5.768422603607178,1
5.733989238739014,1
7.57077169418335,1
6.174377918243408,1
6.255888938903809,1
6.366860389709473,1
5.966368675231934,1
5.954390525817871,1
5.714671611785889,1
6.116461753845215,1
6.7140350341796875,1
6.383719444274902,1
6.833019733428955,1
6.23987340927124,1
6.396562099456787,1
5.944816589355469,1
6.391655921936035,1
6.642237663269043,1
5.901463508605957,1
6.242046356201172,1
6.463251113891602,1
6.414416790008545,1
6.371143341064453,1
6.491148948669434,1
6.662323951721191,1
6.388810157775879,1
6.344257354736328,1
6.6880202293396,1
6.786190509796143,1
5.8546977043151855,1
6.209569931030273,1
6.53641414642334,1
6.584781646728516,1
6.998978137969971,1
6.362875461578369,1
6.04599666595459,1
6.363130569458008,1
6.70969295501709,1
6.172442436218262,1
6.651310443878174,1
6.596414566040039,1
5.982560157775879,1
5.459835529327393,1
6.167802810668945,1
6.1635966300964355,1
6.8983893394470215,1
6.002305030822754,1
6.452441692352295,1
6.669870376586914,1
6.069651126861572,1
6.46757698059082,1
6.087306499481201,1
6.533249855041504,1
5.867966651916504,1
6.489343643188477,1
6.910981178283691,1
6.699078559875488,1
6.676181793212891,1
6.667193412780762,1
6.424985408782959,1
5.6497697830200195,1
6.028179168701172,1
6.993364334106445,1
7.317876815795898,1
6.788476467132568,1
6.335110664367676,1
6.165551662445068,1
6.269421577453613,1
5.974066734313965,1
6.007030963897705,1
6.576166152954102,1
6.37606954574585,1
6.1598334312438965,1
6.470742225646973,1
6.722099304199219,1
5.490103721618652,1
6.641097068786621,1
6.810507774353027,1
5.806789875030518,1
6.554129123687744,1
6.9041314125061035,1
6.279771327972412,1
6.909499168395996,1
6.072347640991211,1
6.138181686401367,1
5.894924163818359,1
6.144177436828613,1
6.276369094848633,1
5.887577056884766,1
6.137233734130859,1
7.008866310119629,1
6.5847883224487305,1
6.197483062744141,1
5.839226245880127,1
6.23374080657959,1
6.529637336730957,1
6.5836501121521,1
6.344903945922852,1
6.092704772949219,1
5.807221412658691,1
6.131765365600586,1
6.415141582489014,1
5.580264091491699,1
5.794954776763916,1
6.6810736656188965,1
5.515870094299316,1
6.395124912261963,1
6.715535640716553,1
6.257457733154297,1
6.5517191886901855,1
6.646908283233643,1
6.421892166137695,1
6.099286079406738,1
5.763854503631592,1
6.088344097137451,1
6.068167209625244,1
6.34420108795166,1
5.9249467849731445,1
6.774478912353516,1
6.248655796051025,1
6.28408145904541,1
6.202332496643066,1
5.664951801300049,1
6.278839111328125,1
6.716913223266602,1
6.396728515625,1
6.60471773147583,1
6.019975662231445,1
6.248200416564941,1
6.108865737915039,1
6.343235015869141,1
6.485121250152588,1
5.757903099060059,1
6.283572196960449,1
7.509682655334473,1
5.7120771408081055,1
5.60923957824707,1
6.47654914855957,1
5.720836162567139,1
6.801335334777832,1
5.873729228973389,1
6.589657783508301,1
5.934256553649902,1
6.539495468139648,1
5.899822235107422,1
5.937422275543213,1
6.57635498046875,1
6.275196075439453,1
6.552652359008789,1
5.779586315155029,1
6.223419189453125,1
5.778303146362305,1
6.074514865875244,1
6.652498245239258,1
6.196009635925293,1
5.6949663162231445,1
6.351469039916992,1
6.029870986938477,1
6.479046821594238,1
5.9210100173950195,1
6.560024261474609,1
6.180821895599365,1
5.861621856689453,1
7.049188613891602,1
6.178244590759277,1
6.494357109069824,1
6.444045066833496,1
